ox_code	population	country	location	site	year	species	latitude	longitude	vgsc-L995F	vgsc-N1570Y	vgsc-L995S	ace1-G119S	gste2-I114T
AA0040-C	GHcol	Ghana	Twifo Praso	Twifo Praso	2012	coluzzii	5.60858	-1.54926	2	0	0	0	0
AA0041-C	GHcol	Ghana	Twifo Praso	Twifo Praso	2012	coluzzii	5.60858	-1.54926	2	0	0	0	2
AA0051-C	GHcol	Ghana	Twifo Praso	Twifo Praso	2012	coluzzii	5.60858	-1.54926	2	0	0	0	0
AA0052-C	GHcol	Ghana	Twifo Praso	Twifo Praso	2012	coluzzii	5.60858	-1.54926	1	0	0	0	1
AA0053-C	GHcol	Ghana	Twifo Praso	Twifo Praso	2012	coluzzii	5.60858	-1.54926	1	0	0	0	0
AA0063-C	GHcol	Ghana	Twifo Praso	Twifo Praso	2012	coluzzii	5.60858	-1.54926	2	0	0	2	0
AA0064-C	GHcol	Ghana	Twifo Praso	Twifo Praso	2012	coluzzii	5.60858	-1.54926	1	0	0	1	1
AA0075-C	GHcol	Ghana	Twifo Praso	Twifo Praso	2012	coluzzii	5.60858	-1.54926	2	0	0	2	0
AA0076-C	GHcol	Ghana	Twifo Praso	Twifo Praso	2012	coluzzii	5.60858	-1.54926	2	0	0	0	1
AA0077-C	GHcol	Ghana	Twifo Praso	Twifo Praso	2012	coluzzii	5.60858	-1.54926	1	0	0	0	1
AA0087-C	GHcol	Ghana	Twifo Praso	Twifo Praso	2012	coluzzii	5.60858	-1.54926	2	0	0	0	1
AA0088-C	GHcol	Ghana	Twifo Praso	Twifo Praso	2012	coluzzii	5.60858	-1.54926	2	0	0	0	1
AA0089-C	GHcol	Ghana	Twifo Praso	Twifo Praso	2012	coluzzii	5.60858	-1.54926	2	0	0	0	2
AA0099-C	GHcol	Ghana	Twifo Praso	Twifo Praso	2012	coluzzii	5.60858	-1.54926	1	0	0	0	1
AA0100-C	GHcol	Ghana	Twifo Praso	Twifo Praso	2012	coluzzii	5.60858	-1.54926	2	1	0	2	0
AA0101-C	GHcol	Ghana	Twifo Praso	Twifo Praso	2012	coluzzii	5.60858	-1.54926	2	1	0	2	0
AA0111-C	GHcol	Ghana	Twifo Praso	Twifo Praso	2012	coluzzii	5.60858	-1.54926	2	0	0	0	0
AA0113-C	GHcol	Ghana	Twifo Praso	Twifo Praso	2012	coluzzii	5.60858	-1.54926	2	0	0	0	1
AA0123-C	GHcol	Ghana	Twifo Praso	Twifo Praso	2012	coluzzii	5.60858	-1.54926	2	0	0	0	1
AA0124-C	GHcol	Ghana	Twifo Praso	Twifo Praso	2012	coluzzii	5.60858	-1.54926	2	0	0	0	1
AA0125-C	GHcol	Ghana	Twifo Praso	Twifo Praso	2012	coluzzii	5.60858	-1.54926	2	0	0	0	1
AA0135-C	GHcol	Ghana	Twifo Praso	Twifo Praso	2012	coluzzii	5.60858	-1.54926	2	0	0	1	0
AA0042-C	GHcol	Ghana	Takoradi	Takoradi	2012	coluzzii	4.91217	-1.77397	0	0	0	1	0
AA0043-C	GHcol	Ghana	Takoradi	Takoradi	2012	coluzzii	4.91217	-1.77397	2	0	0	0	1
AA0044-C	GHcol	Ghana	Takoradi	Takoradi	2012	coluzzii	4.91217	-1.77397	2	0	0	0	2
AA0054-C	GHcol	Ghana	Takoradi	Takoradi	2012	coluzzii	4.91217	-1.77397	1	0	0	0	0
AA0055-C	GHcol	Ghana	Takoradi	Takoradi	2012	coluzzii	4.91217	-1.77397	2	0	0	0	0
AA0056-C	GHcol	Ghana	Takoradi	Takoradi	2012	coluzzii	4.91217	-1.77397	1	0	0	0	1
AA0066-C	GHcol	Ghana	Takoradi	Takoradi	2012	coluzzii	4.91217	-1.77397	2	1	0	2	1
AA0067-C	GHcol	Ghana	Takoradi	Takoradi	2012	coluzzii	4.91217	-1.77397	2	0	0	1	0
AA0068-C	GHcol	Ghana	Takoradi	Takoradi	2012	coluzzii	4.91217	-1.77397	2	0	0	0	0
AA0080-C	GHcol	Ghana	Takoradi	Takoradi	2012	coluzzii	4.91217	-1.77397	2	0	0	0	1
AA0090-C	GHcol	Ghana	Takoradi	Takoradi	2012	coluzzii	4.91217	-1.77397	2	0	0	0	1
AA0091-C	GHcol	Ghana	Takoradi	Takoradi	2012	coluzzii	4.91217	-1.77397	2	0	0	0	1
AA0102-C	GHcol	Ghana	Takoradi	Takoradi	2012	coluzzii	4.91217	-1.77397	1	0	0	0	1
AA0103-C	GHcol	Ghana	Takoradi	Takoradi	2012	coluzzii	4.91217	-1.77397	2	0	0	0	1
AA0104-C	GHcol	Ghana	Takoradi	Takoradi	2012	coluzzii	4.91217	-1.77397	2	0	0	1	0
AA0114-C	GHcol	Ghana	Takoradi	Takoradi	2012	coluzzii	4.91217	-1.77397	2	0	0	1	1
AA0115-C	GHcol	Ghana	Takoradi	Takoradi	2012	coluzzii	4.91217	-1.77397	1	0	0	1	1
AA0116-C	GHcol	Ghana	Takoradi	Takoradi	2012	coluzzii	4.91217	-1.77397	2	0	0	0	0
AA0127-C	GHcol	Ghana	Takoradi	Takoradi	2012	coluzzii	4.91217	-1.77397	2	0	0	0	1
AA0136-C	GHcol	Ghana	Takoradi	Takoradi	2012	coluzzii	4.91217	-1.77397	2	0	0	0	1
AA0048-C	GHgam	Ghana	Madina	Madina	2012	gambiae	5.66849	-0.21928000000000006	2	0	0	0	1
AA0049-C	GHcol	Ghana	Madina	Madina	2012	coluzzii	5.66849	-0.21928000000000006	2	0	0	0	1
AA0050-C	GHgam	Ghana	Madina	Madina	2012	gambiae	5.66849	-0.21928000000000006	1	0	0	0	1
AA0060-C	GHgam	Ghana	Madina	Madina	2012	gambiae	5.66849	-0.21928000000000006	0	0	0	0	0
AA0061-C	GHgam	Ghana	Madina	Madina	2012	gambiae	5.66849	-0.21928000000000006	2	1	0	2	0
AA0072-C	GHgam	Ghana	Madina	Madina	2012	gambiae	5.66849	-0.21928000000000006	1	0	0	0	1
AA0073-C	GHcol	Ghana	Madina	Madina	2012	coluzzii	5.66849	-0.21928000000000006	1	0	0	0	1
AA0074-C	GHcol	Ghana	Madina	Madina	2012	coluzzii	5.66849	-0.21928000000000006	2	0	0	0	0
AA0084-C	GHgam	Ghana	Madina	Madina	2012	gambiae	5.66849	-0.21928000000000006	2	0	0	0	1
AA0085-C	GHgam	Ghana	Madina	Madina	2012	gambiae	5.66849	-0.21928000000000006	2	0	0	0	1
AA0086-C	GHgam	Ghana	Madina	Madina	2012	gambiae	5.66849	-0.21928000000000006	0	0	0	0	1
AA0096-C	GHgam	Ghana	Madina	Madina	2012	gambiae	5.66849	-0.21928000000000006	1	0	0	0	0
AA0097-C	GHcol	Ghana	Madina	Madina	2012	coluzzii	5.66849	-0.21928000000000006	2	0	0	0	0
AA0098-C	GHcol	Ghana	Madina	Madina	2012	coluzzii	5.66849	-0.21928000000000006	1	0	0	0	0
AA0108-C	GHgam	Ghana	Madina	Madina	2012	gambiae	5.66849	-0.21928000000000006	2	0	0	0	0
AA0109-C	GHcol	Ghana	Madina	Madina	2012	coluzzii	5.66849	-0.21928000000000006	2	0	0	0	1
AA0110-C	GHcol	Ghana	Madina	Madina	2012	coluzzii	5.66849	-0.21928000000000006	2	0	0	0	1
AA0122-C	GHgam	Ghana	Madina	Madina	2012	gambiae	5.66849	-0.21928000000000006	2	0	0	1	1
AA0132-C	GHcol	Ghana	Madina	Madina	2012	coluzzii	5.66849	-0.21928000000000006	2	0	0	1	0
AA0133-C	GHgam	Ghana	Madina	Madina	2012	gambiae	5.66849	-0.21928000000000006	2	0	0	0	1
AA0134-C	GHcol	Ghana	Madina	Madina	2012	coluzzii	5.66849	-0.21928000000000006	2	0	0	0	1
AA0139-C	GHcol	Ghana	Madina	Madina	2012	coluzzii	5.66849	-0.21928000000000006	2	0	0	0	0
AA0140-C	GHcol	Ghana	Madina	Madina	2012	coluzzii	5.66849	-0.21928000000000006	2	0	0	0	2
AA0141-C	GHcol	Ghana	Madina	Madina	2012	coluzzii	5.66849	-0.21928000000000006	2	0	0	1	1
AA0107-C	GHcol	Ghana	Koforidua	Koforidua	2012	coluzzii	6.09449	-0.26093	2	0	0	1	1
AB0085-C	BFgam	Burkina Faso	Pala	Pala	2012	gambiae	11.15	-4.235	2	1	0	0	0
AB0108-C	BFgam	Burkina Faso	Pala	Pala	2012	gambiae	11.15	-4.235	1	0	0	0	0
AB0162-C	BFgam	Burkina Faso	Pala	Pala	2012	gambiae	11.15	-4.235	2	2	0	0	2
AB0164-C	BFgam	Burkina Faso	Pala	Pala	2012	gambiae	11.15	-4.235	2	0	0	0	1
AB0165-C	BFgam	Burkina Faso	Pala	Pala	2012	gambiae	11.15	-4.235	1	0	0	0	0
AB0166-C	BFgam	Burkina Faso	Pala	Pala	2012	gambiae	11.15	-4.235	1	1	0	0	1
AB0167-C	BFgam	Burkina Faso	Pala	Pala	2012	gambiae	11.15	-4.235	2	0	0	0	1
AB0169-C	BFgam	Burkina Faso	Pala	Pala	2012	gambiae	11.15	-4.235	2	0	0	0	1
AB0170-C	BFgam	Burkina Faso	Pala	Pala	2012	gambiae	11.15	-4.235	2	1	0	0	2
AB0171-C	BFgam	Burkina Faso	Pala	Pala	2012	gambiae	11.15	-4.235	2	1	0	0	1
AB0172-C	BFgam	Burkina Faso	Pala	Pala	2012	gambiae	11.15	-4.235	2	0	0	0	0
AB0173-C	BFgam	Burkina Faso	Pala	Pala	2012	gambiae	11.15	-4.235	2	1	0	0	1
AB0174-C	BFgam	Burkina Faso	Pala	Pala	2012	gambiae	11.15	-4.235	2	0	0	0	0
AB0175-C	BFgam	Burkina Faso	Pala	Pala	2012	gambiae	11.15	-4.235	2	0	0	1	1
AB0176-C	BFgam	Burkina Faso	Pala	Pala	2012	gambiae	11.15	-4.235	2	0	0	0	1
AB0177-C	BFgam	Burkina Faso	Pala	Pala	2012	gambiae	11.15	-4.235	2	0	0	0	1
AB0178-C	BFgam	Burkina Faso	Pala	Pala	2012	gambiae	11.15	-4.235	2	1	0	0	0
AB0179-C	BFgam	Burkina Faso	Pala	Pala	2012	gambiae	11.15	-4.235	2	1	0	0	1
AB0197-C	BFgam	Burkina Faso	Pala	Pala	2012	gambiae	11.15	-4.235	1	1	0	0	2
AB0198-C	BFgam	Burkina Faso	Pala	Pala	2012	gambiae	11.15	-4.235	2	0	0	0	0
AB0199-C	BFgam	Burkina Faso	Pala	Pala	2012	gambiae	11.15	-4.235	1	1	0	0	2
AB0200-C	BFgam	Burkina Faso	Pala	Pala	2012	gambiae	11.15	-4.235	2	1	0	1	1
AB0201-C	BFgam	Burkina Faso	Pala	Pala	2012	gambiae	11.15	-4.235	2	1	0	0	1
AB0202-C	BFgam	Burkina Faso	Pala	Pala	2012	gambiae	11.15	-4.235	2	0	0	0	1
AB0203-C	BFgam	Burkina Faso	Pala	Pala	2012	gambiae	11.15	-4.235	2	0	0	1	0
AB0204-C	BFcol	Burkina Faso	Pala	Pala	2012	coluzzii	11.15	-4.235	2	0	0	0	1
AB0205-C	BFgam	Burkina Faso	Pala	Pala	2012	gambiae	11.15	-4.235	2	0	0	1	0
AB0206-C	BFgam	Burkina Faso	Pala	Pala	2012	gambiae	11.15	-4.235	2	0	0	0	2
AB0255-C	BFgam	Burkina Faso	Pala	Pala	2012	gambiae	11.15	-4.235	2	1	0	0	2
AB0256-C	BFgam	Burkina Faso	Pala	Pala	2012	gambiae	11.15	-4.235	2	0	0	0	0
AB0257-C	BFcol	Burkina Faso	Pala	Pala	2012	coluzzii	11.15	-4.235	2	0	0	0	0
AB0258-C	BFcol	Burkina Faso	Pala	Pala	2012	coluzzii	11.15	-4.235	2	1	0	0	1
AB0260-C	BFgam	Burkina Faso	Pala	Pala	2012	gambiae	11.15	-4.235	2	0	0	0	0
AB0261-C	BFgam	Burkina Faso	Pala	Pala	2012	gambiae	11.15	-4.235	2	0	0	0	0
AB0262-C	BFcol	Burkina Faso	Pala	Pala	2012	coluzzii	11.15	-4.235	2	0	0	0	0
AB0263-C	BFcol	Burkina Faso	Pala	Pala	2012	coluzzii	11.15	-4.235	2	1	0	1	0
AB0264-C	BFgam	Burkina Faso	Pala	Pala	2012	gambiae	11.15	-4.235	2	1	0	1	0
AB0265-C	BFgam	Burkina Faso	Pala	Pala	2012	gambiae	11.15	-4.235	2	1	0	1	0
AB0266-C	BFcol	Burkina Faso	Pala	Pala	2012	coluzzii	11.15	-4.235	2	0	0	1	0
AB0267-C	BFcol	Burkina Faso	Pala	Pala	2012	coluzzii	11.15	-4.235	2	0	0	0	2
AB0268-C	BFgam	Burkina Faso	Pala	Pala	2012	gambiae	11.15	-4.235	1	0	0	0	1
AB0270-C	BFgam	Burkina Faso	Pala	Pala	2012	gambiae	11.15	-4.235	2	1	0	0	1
AB0271-C	BFgam	Burkina Faso	Pala	Pala	2012	gambiae	11.15	-4.235	2	0	0	0	1
AB0272-C	BFgam	Burkina Faso	Pala	Pala	2012	gambiae	11.15	-4.235	2	0	0	0	2
AB0273-C	BFgam	Burkina Faso	Pala	Pala	2012	gambiae	11.15	-4.235	2	1	0	1	0
AB0274-C	BFgam	Burkina Faso	Pala	Pala	2012	gambiae	11.15	-4.235	2	1	0	1	0
AB0275-C	BFgam	Burkina Faso	Pala	Pala	2012	gambiae	11.15	-4.235	2	0	0	1	0
AB0276-C	BFcol	Burkina Faso	Pala	Pala	2012	coluzzii	11.15	-4.235	2	1	0	0	0
AB0277-C	BFgam	Burkina Faso	Pala	Pala	2012	gambiae	11.15	-4.235	2	0	0	0	0
AB0278-C	BFgam	Burkina Faso	Pala	Pala	2012	gambiae	11.15	-4.235	2	0	0	1	0
AB0279-C	BFcol	Burkina Faso	Pala	Pala	2012	coluzzii	11.15	-4.235	2	0	0	0	1
AB0280-C	BFgam	Burkina Faso	Pala	Pala	2012	gambiae	11.15	-4.235	2	0	0	1	0
AB0281-C	BFgam	Burkina Faso	Pala	Pala	2012	gambiae	11.15	-4.235	2	0	0	0	0
AB0282-C	BFcol	Burkina Faso	Pala	Pala	2012	coluzzii	11.15	-4.235	2	0	0	1	0
AB0283-C	BFgam	Burkina Faso	Pala	Pala	2012	gambiae	11.15	-4.235	2	0	0	1	0
AB0284-C	BFgam	Burkina Faso	Pala	Pala	2012	gambiae	11.15	-4.235	2	1	0	1	0
AB0087-C	BFcol	Burkina Faso	Bana	Bana	2012	coluzzii	11.232999999999999	-4.4719999999999995	2	1	0	1	0
AB0088-C	BFcol	Burkina Faso	Bana	Bana	2012	coluzzii	11.232999999999999	-4.4719999999999995	2	0	0	0	1
AB0089-C	BFcol	Burkina Faso	Bana	Bana	2012	coluzzii	11.232999999999999	-4.4719999999999995	2	0	0	0	0
AB0090-C	BFcol	Burkina Faso	Bana	Bana	2012	coluzzii	11.232999999999999	-4.4719999999999995	2	0	0	0	0
AB0091-C	BFcol	Burkina Faso	Bana	Bana	2012	coluzzii	11.232999999999999	-4.4719999999999995	2	0	0	0	0
AB0092-C	BFcol	Burkina Faso	Bana	Bana	2012	coluzzii	11.232999999999999	-4.4719999999999995	2	1	0	0	0
AB0094-C	BFcol	Burkina Faso	Bana	Bana	2012	coluzzii	11.232999999999999	-4.4719999999999995	2	1	0	0	0
AB0095-C	BFcol	Burkina Faso	Bana	Bana	2012	coluzzii	11.232999999999999	-4.4719999999999995	2	1	0	0	0
AB0097-C	BFcol	Burkina Faso	Bana	Bana	2012	coluzzii	11.232999999999999	-4.4719999999999995	2	0	0	1	0
AB0098-C	BFcol	Burkina Faso	Bana	Bana	2012	coluzzii	11.232999999999999	-4.4719999999999995	2	0	0	0	0
AB0099-C	BFcol	Burkina Faso	Bana	Bana	2012	coluzzii	11.232999999999999	-4.4719999999999995	2	0	0	0	0
AB0100-C	BFcol	Burkina Faso	Bana	Bana	2012	coluzzii	11.232999999999999	-4.4719999999999995	2	0	0	0	0
AB0101-C	BFcol	Burkina Faso	Bana	Bana	2012	coluzzii	11.232999999999999	-4.4719999999999995	2	0	0	0	0
AB0103-C	BFgam	Burkina Faso	Bana	Bana	2012	gambiae	11.232999999999999	-4.4719999999999995	2	2	0	0	0
AB0104-C	BFgam	Burkina Faso	Bana	Bana	2012	gambiae	11.232999999999999	-4.4719999999999995	2	0	0	0	0
AB0109-C	BFcol	Burkina Faso	Bana	Bana	2012	coluzzii	11.232999999999999	-4.4719999999999995	2	0	0	0	0
AB0110-C	BFcol	Burkina Faso	Bana	Bana	2012	coluzzii	11.232999999999999	-4.4719999999999995	2	1	0	0	0
AB0111-C	BFcol	Burkina Faso	Bana	Bana	2012	coluzzii	11.232999999999999	-4.4719999999999995	2	0	0	0	0
AB0112-C	BFcol	Burkina Faso	Bana	Bana	2012	coluzzii	11.232999999999999	-4.4719999999999995	1	0	0	0	1
AB0113-C	BFcol	Burkina Faso	Bana	Bana	2012	coluzzii	11.232999999999999	-4.4719999999999995	2	0	0	0	2
AB0114-C	BFcol	Burkina Faso	Bana	Bana	2012	coluzzii	11.232999999999999	-4.4719999999999995	2	0	0	0	0
AB0115-C	BFcol	Burkina Faso	Bana	Bana	2012	coluzzii	11.232999999999999	-4.4719999999999995	2	1	0	0	0
AB0117-C	BFgam	Burkina Faso	Bana	Bana	2012	gambiae	11.232999999999999	-4.4719999999999995	2	0	0	0	1
AB0118-C	BFgam	Burkina Faso	Bana	Bana	2012	gambiae	11.232999999999999	-4.4719999999999995	2	1	0	0	1
AB0119-C	BFgam	Burkina Faso	Bana	Bana	2012	gambiae	11.232999999999999	-4.4719999999999995	2	2	0	0	0
AB0122-C	BFcol	Burkina Faso	Bana	Bana	2012	coluzzii	11.232999999999999	-4.4719999999999995	1	0	0	0	1
AB0123-C	BFcol	Burkina Faso	Bana	Bana	2012	coluzzii	11.232999999999999	-4.4719999999999995	2	1	0	0	1
AB0124-C	BFcol	Burkina Faso	Bana	Bana	2012	coluzzii	11.232999999999999	-4.4719999999999995	2	1	0	0	0
AB0126-C	BFgam	Burkina Faso	Bana	Bana	2012	gambiae	11.232999999999999	-4.4719999999999995	2	1	0	0	1
AB0127-C	BFgam	Burkina Faso	Bana	Bana	2012	gambiae	11.232999999999999	-4.4719999999999995	1	1	0	0	1
AB0128-C	BFgam	Burkina Faso	Bana	Bana	2012	gambiae	11.232999999999999	-4.4719999999999995	1	0	0	0	0
AB0129-C	BFgam	Burkina Faso	Bana	Bana	2012	gambiae	11.232999999999999	-4.4719999999999995	2	1	0	0	0
AB0130-C	BFgam	Burkina Faso	Bana	Bana	2012	gambiae	11.232999999999999	-4.4719999999999995	2	1	0	1	0
AB0150-C	BFgam	Burkina Faso	Bana	Bana	2012	gambiae	11.232999999999999	-4.4719999999999995	2	1	0	1	0
AB0151-C	BFgam	Burkina Faso	Bana	Bana	2012	gambiae	11.232999999999999	-4.4719999999999995	2	1	0	0	0
AB0153-C	BFgam	Burkina Faso	Bana	Bana	2012	gambiae	11.232999999999999	-4.4719999999999995	2	0	0	0	0
AB0155-C	BFgam	Burkina Faso	Bana	Bana	2012	gambiae	11.232999999999999	-4.4719999999999995	2	1	0	0	0
AB0157-C	BFgam	Burkina Faso	Bana	Bana	2012	gambiae	11.232999999999999	-4.4719999999999995	2	1	0	0	0
AB0158-C	BFgam	Burkina Faso	Bana	Bana	2012	gambiae	11.232999999999999	-4.4719999999999995	2	1	0	0	0
AB0159-C	BFgam	Burkina Faso	Bana	Bana	2012	gambiae	11.232999999999999	-4.4719999999999995	1	0	0	0	2
AB0160-C	BFgam	Burkina Faso	Bana	Bana	2012	gambiae	11.232999999999999	-4.4719999999999995	2	0	0	0	0
AB0161-C	BFgam	Burkina Faso	Bana	Bana	2012	gambiae	11.232999999999999	-4.4719999999999995	2	0	0	0	0
AB0181-C	BFcol	Burkina Faso	Bana	Bana	2012	coluzzii	11.232999999999999	-4.4719999999999995	2	0	0	0	1
AB0182-C	BFcol	Burkina Faso	Bana	Bana	2012	coluzzii	11.232999999999999	-4.4719999999999995	2	1	0	1	1
AB0183-C	BFcol	Burkina Faso	Bana	Bana	2012	coluzzii	11.232999999999999	-4.4719999999999995	2	0	0	0	1
AB0184-C	BFcol	Burkina Faso	Bana	Bana	2012	coluzzii	11.232999999999999	-4.4719999999999995	2	0	0	0	2
AB0185-C	BFcol	Burkina Faso	Bana	Bana	2012	coluzzii	11.232999999999999	-4.4719999999999995	2	1	0	1	0
AB0186-C	BFcol	Burkina Faso	Bana	Bana	2012	coluzzii	11.232999999999999	-4.4719999999999995	1	0	0	0	2
AB0187-C	BFcol	Burkina Faso	Bana	Bana	2012	coluzzii	11.232999999999999	-4.4719999999999995	2	1	0	0	0
AB0188-C	BFcol	Burkina Faso	Bana	Bana	2012	coluzzii	11.232999999999999	-4.4719999999999995	2	1	0	0	1
AB0189-C	BFcol	Burkina Faso	Bana	Bana	2012	coluzzii	11.232999999999999	-4.4719999999999995	2	0	0	1	0
AB0190-C	BFcol	Burkina Faso	Bana	Bana	2012	coluzzii	11.232999999999999	-4.4719999999999995	2	1	0	0	1
AB0191-C	BFcol	Burkina Faso	Bana	Bana	2012	coluzzii	11.232999999999999	-4.4719999999999995	2	1	0	0	1
AB0192-C	BFcol	Burkina Faso	Bana	Bana	2012	coluzzii	11.232999999999999	-4.4719999999999995	2	2	0	0	1
AB0195-C	BFcol	Burkina Faso	Bana	Bana	2012	coluzzii	11.232999999999999	-4.4719999999999995	2	1	0	0	1
AB0196-C	BFcol	Burkina Faso	Bana	Bana	2012	coluzzii	11.232999999999999	-4.4719999999999995	2	1	0	0	1
AB0209-C	BFcol	Burkina Faso	Bana	Bana	2012	coluzzii	11.232999999999999	-4.4719999999999995	2	0	0	0	2
AB0210-C	BFcol	Burkina Faso	Bana	Bana	2012	coluzzii	11.232999999999999	-4.4719999999999995	1	0	0	0	0
AB0211-C	BFgam	Burkina Faso	Bana	Bana	2012	gambiae	11.232999999999999	-4.4719999999999995	2	0	0	0	0
AB0212-C	BFcol	Burkina Faso	Bana	Bana	2012	coluzzii	11.232999999999999	-4.4719999999999995	2	0	0	1	1
AB0133-C	BFgam	Burkina Faso	Souroukoudinga	Souroukoudinga	2012	gambiae	11.235	-4.535	1	0	0	0	1
AB0134-C	BFgam	Burkina Faso	Souroukoudinga	Souroukoudinga	2012	gambiae	11.235	-4.535	2	0	0	0	0
AB0135-C	BFgam	Burkina Faso	Souroukoudinga	Souroukoudinga	2012	gambiae	11.235	-4.535	2	0	0	0	0
AB0136-C	BFgam	Burkina Faso	Souroukoudinga	Souroukoudinga	2012	gambiae	11.235	-4.535	2	0	0	0	0
AB0137-C	BFcol	Burkina Faso	Souroukoudinga	Souroukoudinga	2012	coluzzii	11.235	-4.535	2	0	0	0	1
AB0138-C	BFcol	Burkina Faso	Souroukoudinga	Souroukoudinga	2012	coluzzii	11.235	-4.535	2	0	0	1	0
AB0139-C	BFcol	Burkina Faso	Souroukoudinga	Souroukoudinga	2012	coluzzii	11.235	-4.535	2	0	0	0	0
AB0140-C	BFcol	Burkina Faso	Souroukoudinga	Souroukoudinga	2012	coluzzii	11.235	-4.535	2	1	0	0	2
AB0142-C	BFcol	Burkina Faso	Souroukoudinga	Souroukoudinga	2012	coluzzii	11.235	-4.535	2	0	0	1	1
AB0143-C	BFgam	Burkina Faso	Souroukoudinga	Souroukoudinga	2012	gambiae	11.235	-4.535	2	0	0	1	0
AB0145-C	BFgam	Burkina Faso	Souroukoudinga	Souroukoudinga	2012	gambiae	11.235	-4.535	1	1	0	0	0
AB0146-C	BFgam	Burkina Faso	Souroukoudinga	Souroukoudinga	2012	gambiae	11.235	-4.535	2	0	0	1	0
AB0147-C	BFgam	Burkina Faso	Souroukoudinga	Souroukoudinga	2012	gambiae	11.235	-4.535	1	1	0	0	2
AB0148-C	BFgam	Burkina Faso	Souroukoudinga	Souroukoudinga	2012	gambiae	11.235	-4.535	2	1	0	0	2
AB0207-C	BFgam	Burkina Faso	Souroukoudinga	Souroukoudinga	2012	gambiae	11.235	-4.535	2	0	0	0	0
AB0208-C	BFgam	Burkina Faso	Souroukoudinga	Souroukoudinga	2012	gambiae	11.235	-4.535	1	0	0	0	2
AB0213-C	BFcol	Burkina Faso	Souroukoudinga	Souroukoudinga	2012	coluzzii	11.235	-4.535	2	2	0	0	0
AB0215-C	BFcol	Burkina Faso	Souroukoudinga	Souroukoudinga	2012	coluzzii	11.235	-4.535	2	0	0	0	2
AB0217-C	BFgam	Burkina Faso	Souroukoudinga	Souroukoudinga	2012	gambiae	11.235	-4.535	2	0	0	0	1
AB0218-C	BFgam	Burkina Faso	Souroukoudinga	Souroukoudinga	2012	gambiae	11.235	-4.535	2	2	0	0	1
AB0219-C	BFcol	Burkina Faso	Souroukoudinga	Souroukoudinga	2012	coluzzii	11.235	-4.535	2	0	0	0	1
AB0221-C	BFcol	Burkina Faso	Souroukoudinga	Souroukoudinga	2012	coluzzii	11.235	-4.535	2	1	0	0	1
AB0222-C	BFcol	Burkina Faso	Souroukoudinga	Souroukoudinga	2012	coluzzii	11.235	-4.535	2	0	0	1	0
AB0223-C	BFcol	Burkina Faso	Souroukoudinga	Souroukoudinga	2012	coluzzii	11.235	-4.535	2	0	0	0	0
AB0224-C	BFcol	Burkina Faso	Souroukoudinga	Souroukoudinga	2012	coluzzii	11.235	-4.535	2	1	0	0	0
AB0226-C	BFcol	Burkina Faso	Souroukoudinga	Souroukoudinga	2012	coluzzii	11.235	-4.535	1	0	0	0	0
AB0227-C	BFcol	Burkina Faso	Souroukoudinga	Souroukoudinga	2012	coluzzii	11.235	-4.535	2	1	0	0	0
AB0228-C	BFgam	Burkina Faso	Souroukoudinga	Souroukoudinga	2012	gambiae	11.235	-4.535	2	1	0	0	0
AB0229-C	BFcol	Burkina Faso	Souroukoudinga	Souroukoudinga	2012	coluzzii	11.235	-4.535	2	0	0	0	0
AB0231-C	BFgam	Burkina Faso	Souroukoudinga	Souroukoudinga	2012	gambiae	11.235	-4.535	2	0	0	0	1
AB0232-C	BFgam	Burkina Faso	Souroukoudinga	Souroukoudinga	2012	gambiae	11.235	-4.535	1	0	0	0	2
AB0233-C	BFgam	Burkina Faso	Souroukoudinga	Souroukoudinga	2012	gambiae	11.235	-4.535	2	1	0	0	0
AB0234-C	BFcol	Burkina Faso	Souroukoudinga	Souroukoudinga	2012	coluzzii	11.235	-4.535	2	1	0	0	0
AB0235-C	BFgam	Burkina Faso	Souroukoudinga	Souroukoudinga	2012	gambiae	11.235	-4.535	0	0	0	0	1
AB0236-C	BFgam	Burkina Faso	Souroukoudinga	Souroukoudinga	2012	gambiae	11.235	-4.535	1	0	0	0	1
AB0237-C	BFcol	Burkina Faso	Souroukoudinga	Souroukoudinga	2012	coluzzii	11.235	-4.535	2	1	0	0	0
AB0238-C	BFgam	Burkina Faso	Souroukoudinga	Souroukoudinga	2012	gambiae	11.235	-4.535	2	0	0	0	0
AB0239-C	BFgam	Burkina Faso	Souroukoudinga	Souroukoudinga	2012	gambiae	11.235	-4.535	2	2	0	0	0
AB0240-C	BFcol	Burkina Faso	Souroukoudinga	Souroukoudinga	2012	coluzzii	11.235	-4.535	2	0	0	0	0
AB0241-C	BFgam	Burkina Faso	Souroukoudinga	Souroukoudinga	2012	gambiae	11.235	-4.535	2	1	0	0	0
AB0242-C	BFcol	Burkina Faso	Souroukoudinga	Souroukoudinga	2012	coluzzii	11.235	-4.535	2	1	0	1	0
AB0243-C	BFcol	Burkina Faso	Souroukoudinga	Souroukoudinga	2012	coluzzii	11.235	-4.535	2	0	0	0	0
AB0244-C	BFgam	Burkina Faso	Souroukoudinga	Souroukoudinga	2012	gambiae	11.235	-4.535	2	1	0	0	0
AB0246-C	BFcol	Burkina Faso	Souroukoudinga	Souroukoudinga	2012	coluzzii	11.235	-4.535	2	0	0	0	0
AB0247-C	BFcol	Burkina Faso	Souroukoudinga	Souroukoudinga	2012	coluzzii	11.235	-4.535	2	0	0	0	1
AB0248-C	BFcol	Burkina Faso	Souroukoudinga	Souroukoudinga	2012	coluzzii	11.235	-4.535	2	0	0	1	2
AB0249-C	BFcol	Burkina Faso	Souroukoudinga	Souroukoudinga	2012	coluzzii	11.235	-4.535	2	0	0	0	0
AB0250-C	BFcol	Burkina Faso	Souroukoudinga	Souroukoudinga	2012	coluzzii	11.235	-4.535	2	1	0	0	0
AB0251-C	BFgam	Burkina Faso	Souroukoudinga	Souroukoudinga	2012	gambiae	11.235	-4.535	2	1	0	0	1
AB0252-C	BFgam	Burkina Faso	Souroukoudinga	Souroukoudinga	2012	gambiae	11.235	-4.535	2	1	0	0	0
AB0253-C	BFgam	Burkina Faso	Souroukoudinga	Souroukoudinga	2012	gambiae	11.235	-4.535	2	0	0	1	0
AC0089-C	UGgam	Uganda	Tororo	Nagongera	2012	gambiae	0.77	34.025999999999996	0	0	2	0	0
AC0090-C	UGgam	Uganda	Tororo	Nagongera	2012	gambiae	0.77	34.025999999999996	0	0	2	0	0
AC0091-C	UGgam	Uganda	Tororo	Nagongera	2012	gambiae	0.77	34.025999999999996	0	0	2	0	0
AC0092-C	UGgam	Uganda	Tororo	Nagongera	2012	gambiae	0.77	34.025999999999996	0	0	2	0	0
AC0093-C	UGgam	Uganda	Tororo	Nagongera	2012	gambiae	0.77	34.025999999999996	0	0	2	0	0
AC0094-C	UGgam	Uganda	Tororo	Nagongera	2012	gambiae	0.77	34.025999999999996	0	0	2	0	0
AC0095-C	UGgam	Uganda	Tororo	Nagongera	2012	gambiae	0.77	34.025999999999996	0	0	2	0	0
AC0096-C	UGgam	Uganda	Tororo	Nagongera	2012	gambiae	0.77	34.025999999999996	0	0	2	0	0
AC0097-C	UGgam	Uganda	Tororo	Nagongera	2012	gambiae	0.77	34.025999999999996	0	0	2	0	0
AC0098-C	UGgam	Uganda	Tororo	Nagongera	2012	gambiae	0.77	34.025999999999996	0	0	2	0	0
AC0099-C	UGgam	Uganda	Tororo	Nagongera	2012	gambiae	0.77	34.025999999999996	0	0	2	0	0
AC0100-C	UGgam	Uganda	Tororo	Nagongera	2012	gambiae	0.77	34.025999999999996	0	0	2	0	0
AC0101-C	UGgam	Uganda	Tororo	Nagongera	2012	gambiae	0.77	34.025999999999996	0	0	2	0	0
AC0102-C	UGgam	Uganda	Tororo	Nagongera	2012	gambiae	0.77	34.025999999999996	0	0	2	0	0
AC0103-C	UGgam	Uganda	Tororo	Nagongera	2012	gambiae	0.77	34.025999999999996	0	0	2	0	0
AC0104-C	UGgam	Uganda	Tororo	Nagongera	2012	gambiae	0.77	34.025999999999996	0	0	2	0	0
AC0105-C	UGgam	Uganda	Tororo	Nagongera	2012	gambiae	0.77	34.025999999999996	0	0	2	0	0
AC0106-C	UGgam	Uganda	Tororo	Nagongera	2012	gambiae	0.77	34.025999999999996	0	0	2	0	0
AC0107-C	UGgam	Uganda	Tororo	Nagongera	2012	gambiae	0.77	34.025999999999996	0	0	2	0	0
AC0108-C	UGgam	Uganda	Tororo	Nagongera	2012	gambiae	0.77	34.025999999999996	0	0	2	0	0
AC0109-C	UGgam	Uganda	Tororo	Nagongera	2012	gambiae	0.77	34.025999999999996	0	0	2	0	0
AC0110-C	UGgam	Uganda	Tororo	Nagongera	2012	gambiae	0.77	34.025999999999996	0	0	2	0	0
AC0111-C	UGgam	Uganda	Tororo	Nagongera	2012	gambiae	0.77	34.025999999999996	0	0	2	0	0
AC0112-C	UGgam	Uganda	Tororo	Nagongera	2012	gambiae	0.77	34.025999999999996	0	0	2	0	0
AC0113-C	UGgam	Uganda	Tororo	Nagongera	2012	gambiae	0.77	34.025999999999996	0	0	2	0	0
AC0114-C	UGgam	Uganda	Tororo	Nagongera	2012	gambiae	0.77	34.025999999999996	0	0	2	0	0
AC0115-C	UGgam	Uganda	Tororo	Nagongera	2012	gambiae	0.77	34.025999999999996	0	0	2	0	0
AC0116-C	UGgam	Uganda	Tororo	Nagongera	2012	gambiae	0.77	34.025999999999996	0	0	2	0	0
AC0117-C	UGgam	Uganda	Tororo	Nagongera	2012	gambiae	0.77	34.025999999999996	0	0	2	0	0
AC0118-C	UGgam	Uganda	Tororo	Nagongera	2012	gambiae	0.77	34.025999999999996	0	0	2	0	0
AC0119-C	UGgam	Uganda	Tororo	Nagongera	2012	gambiae	0.77	34.025999999999996	0	0	2	0	0
AC0120-C	UGgam	Uganda	Tororo	Nagongera	2012	gambiae	0.77	34.025999999999996	0	0	2	0	0
AC0121-C	UGgam	Uganda	Tororo	Nagongera	2012	gambiae	0.77	34.025999999999996	0	0	2	0	0
AC0122-C	UGgam	Uganda	Tororo	Nagongera	2012	gambiae	0.77	34.025999999999996	0	0	2	0	0
AC0123-C	UGgam	Uganda	Tororo	Nagongera	2012	gambiae	0.77	34.025999999999996	0	0	2	0	0
AC0124-C	UGgam	Uganda	Tororo	Nagongera	2012	gambiae	0.77	34.025999999999996	0	0	2	0	0
AC0125-C	UGgam	Uganda	Tororo	Nagongera	2012	gambiae	0.77	34.025999999999996	0	0	2	0	0
AC0126-C	UGgam	Uganda	Tororo	Nagongera	2012	gambiae	0.77	34.025999999999996	0	0	2	0	0
AC0127-C	UGgam	Uganda	Tororo	Nagongera	2012	gambiae	0.77	34.025999999999996	0	0	2	0	0
AC0128-C	UGgam	Uganda	Tororo	Nagongera	2012	gambiae	0.77	34.025999999999996	0	0	2	0	0
AC0129-C	UGgam	Uganda	Tororo	Nagongera	2012	gambiae	0.77	34.025999999999996	0	0	2	0	0
AC0130-C	UGgam	Uganda	Tororo	Nagongera	2012	gambiae	0.77	34.025999999999996	0	0	2	0	0
AC0131-C	UGgam	Uganda	Tororo	Nagongera	2012	gambiae	0.77	34.025999999999996	0	0	2	0	0
AC0132-C	UGgam	Uganda	Tororo	Nagongera	2012	gambiae	0.77	34.025999999999996	0	0	2	0	0
AC0133-C	UGgam	Uganda	Tororo	Nagongera	2012	gambiae	0.77	34.025999999999996	0	0	2	0	0
AC0134-C	UGgam	Uganda	Tororo	Nagongera	2012	gambiae	0.77	34.025999999999996	0	0	2	0	0
AC0135-C	UGgam	Uganda	Tororo	Nagongera	2012	gambiae	0.77	34.025999999999996	0	0	2	0	0
AC0136-C	UGgam	Uganda	Tororo	Nagongera	2012	gambiae	0.77	34.025999999999996	0	0	2	0	0
AC0137-C	UGgam	Uganda	Tororo	Nagongera	2012	gambiae	0.77	34.025999999999996	0	0	2	0	0
AC0138-C	UGgam	Uganda	Tororo	Nagongera	2012	gambiae	0.77	34.025999999999996	0	0	2	0	0
AC0139-C	UGgam	Uganda	Tororo	Nagongera	2012	gambiae	0.77	34.025999999999996	0	0	2	0	0
AC0140-C	UGgam	Uganda	Tororo	Nagongera	2012	gambiae	0.77	34.025999999999996	0	0	2	0	0
AC0141-C	UGgam	Uganda	Tororo	Nagongera	2012	gambiae	0.77	34.025999999999996	0	0	2	0	0
AC0142-C	UGgam	Uganda	Tororo	Nagongera	2012	gambiae	0.77	34.025999999999996	0	0	2	0	0
AC0143-C	UGgam	Uganda	Tororo	Nagongera	2012	gambiae	0.77	34.025999999999996	0	0	2	0	0
AC0144-C	UGgam	Uganda	Tororo	Nagongera	2012	gambiae	0.77	34.025999999999996	0	0	2	0	0
AC0145-C	UGgam	Uganda	Tororo	Nagongera	2012	gambiae	0.77	34.025999999999996	0	0	2	0	0
AC0146-C	UGgam	Uganda	Tororo	Nagongera	2012	gambiae	0.77	34.025999999999996	0	0	2	0	0
AC0147-C	UGgam	Uganda	Tororo	Nagongera	2012	gambiae	0.77	34.025999999999996	0	0	2	0	0
AC0148-C	UGgam	Uganda	Tororo	Nagongera	2012	gambiae	0.77	34.025999999999996	0	0	2	0	0
AC0149-C	UGgam	Uganda	Tororo	Nagongera	2012	gambiae	0.77	34.025999999999996	0	0	2	0	0
AC0150-C	UGgam	Uganda	Tororo	Nagongera	2012	gambiae	0.77	34.025999999999996	0	0	2	0	0
AC0151-C	UGgam	Uganda	Tororo	Nagongera	2012	gambiae	0.77	34.025999999999996	0	0	2	0	0
AC0152-C	UGgam	Uganda	Tororo	Nagongera	2012	gambiae	0.77	34.025999999999996	0	0	2	0	0
AC0153-C	UGgam	Uganda	Tororo	Nagongera	2012	gambiae	0.77	34.025999999999996	0	0	2	0	0
AC0154-C	UGgam	Uganda	Tororo	Nagongera	2012	gambiae	0.77	34.025999999999996	0	0	2	0	0
AC0155-C	UGgam	Uganda	Tororo	Nagongera	2012	gambiae	0.77	34.025999999999996	0	0	2	0	0
AC0156-C	UGgam	Uganda	Tororo	Nagongera	2012	gambiae	0.77	34.025999999999996	0	0	2	0	0
AC0157-C	UGgam	Uganda	Tororo	Nagongera	2012	gambiae	0.77	34.025999999999996	0	0	2	0	0
AC0158-C	UGgam	Uganda	Tororo	Nagongera	2012	gambiae	0.77	34.025999999999996	0	0	2	0	0
AC0159-C	UGgam	Uganda	Tororo	Nagongera	2012	gambiae	0.77	34.025999999999996	0	0	2	0	0
AC0160-C	UGgam	Uganda	Tororo	Nagongera	2012	gambiae	0.77	34.025999999999996	0	0	2	0	0
AC0161-C	UGgam	Uganda	Tororo	Nagongera	2012	gambiae	0.77	34.025999999999996	0	0	2	0	0
AC0162-C	UGgam	Uganda	Tororo	Nagongera	2012	gambiae	0.77	34.025999999999996	0	0	2	0	0
AC0163-C	UGgam	Uganda	Tororo	Nagongera	2012	gambiae	0.77	34.025999999999996	0	0	2	0	0
AC0164-C	UGgam	Uganda	Tororo	Nagongera	2012	gambiae	0.77	34.025999999999996	0	0	2	0	0
AC0166-C	UGgam	Uganda	Tororo	Nagongera	2012	gambiae	0.77	34.025999999999996	0	0	2	0	0
AC0167-C	UGgam	Uganda	Tororo	Nagongera	2012	gambiae	0.77	34.025999999999996	0	0	2	0	0
AC0168-C	UGgam	Uganda	Tororo	Nagongera	2012	gambiae	0.77	34.025999999999996	0	0	2	0	0
AC0169-C	UGgam	Uganda	Tororo	Nagongera	2012	gambiae	0.77	34.025999999999996	0	0	2	0	0
AC0170-C	UGgam	Uganda	Tororo	Nagongera	2012	gambiae	0.77	34.025999999999996	0	0	2	0	0
AC0171-C	UGgam	Uganda	Tororo	Nagongera	2012	gambiae	0.77	34.025999999999996	0	0	2	0	0
AC0172-C	UGgam	Uganda	Tororo	Nagongera	2012	gambiae	0.77	34.025999999999996	0	0	2	0	0
AC0173-C	UGgam	Uganda	Tororo	Nagongera	2012	gambiae	0.77	34.025999999999996	0	0	2	0	0
AC0174-C	UGgam	Uganda	Tororo	Nagongera	2012	gambiae	0.77	34.025999999999996	0	0	2	0	0
AC0176-C	UGgam	Uganda	Tororo	Nagongera	2012	gambiae	0.77	34.025999999999996	0	0	2	0	0
AC0177-C	UGgam	Uganda	Tororo	Nagongera	2012	gambiae	0.77	34.025999999999996	0	0	2	0	0
AC0178-C	UGgam	Uganda	Tororo	Nagongera	2012	gambiae	0.77	34.025999999999996	0	0	2	0	0
AC0179-C	UGgam	Uganda	Tororo	Nagongera	2012	gambiae	0.77	34.025999999999996	0	0	2	0	0
AC0180-C	UGgam	Uganda	Tororo	Nagongera	2012	gambiae	0.77	34.025999999999996	0	0	2	0	0
AC0181-C	UGgam	Uganda	Tororo	Nagongera	2012	gambiae	0.77	34.025999999999996	0	0	2	0	0
AC0182-C	UGgam	Uganda	Tororo	Nagongera	2012	gambiae	0.77	34.025999999999996	0	0	2	0	0
AC0183-C	UGgam	Uganda	Tororo	Nagongera	2012	gambiae	0.77	34.025999999999996	0	0	2	0	0
AC0184-C	UGgam	Uganda	Tororo	Nagongera	2012	gambiae	0.77	34.025999999999996	0	0	2	0	0
AC0185-C	UGgam	Uganda	Tororo	Nagongera	2012	gambiae	0.77	34.025999999999996	0	0	2	0	0
AC0186-C	UGgam	Uganda	Tororo	Nagongera	2012	gambiae	0.77	34.025999999999996	0	0	2	0	0
AC0187-C	UGgam	Uganda	Tororo	Nagongera	2012	gambiae	0.77	34.025999999999996	0	0	2	0	0
AC0188-C	UGgam	Uganda	Tororo	Nagongera	2012	gambiae	0.77	34.025999999999996	0	0	2	0	0
AC0189-C	UGgam	Uganda	Tororo	Nagongera	2012	gambiae	0.77	34.025999999999996	0	0	2	0	0
AC0190-C	UGgam	Uganda	Tororo	Nagongera	2012	gambiae	0.77	34.025999999999996	0	0	2	0	0
AC0191-C	UGgam	Uganda	Tororo	Nagongera	2012	gambiae	0.77	34.025999999999996	0	0	2	0	0
AC0192-C	UGgam	Uganda	Tororo	Nagongera	2012	gambiae	0.77	34.025999999999996	0	0	2	0	0
AC0193-C	UGgam	Uganda	Tororo	Nagongera	2012	gambiae	0.77	34.025999999999996	0	0	2	0	0
AC0194-C	UGgam	Uganda	Tororo	Nagongera	2012	gambiae	0.77	34.025999999999996	0	0	2	0	0
AC0195-C	UGgam	Uganda	Tororo	Nagongera	2012	gambiae	0.77	34.025999999999996	0	0	2	0	0
AC0196-C	UGgam	Uganda	Tororo	Nagongera	2012	gambiae	0.77	34.025999999999996	0	0	2	0	0
AC0197-C	UGgam	Uganda	Tororo	Nagongera	2012	gambiae	0.77	34.025999999999996	0	0	2	0	0
AC0199-C	UGgam	Uganda	Tororo	Nagongera	2012	gambiae	0.77	34.025999999999996	0	0	2	0	0
AC0200-C	UGgam	Uganda	Tororo	Nagongera	2012	gambiae	0.77	34.025999999999996	0	0	2	0	0
AC0201-C	UGgam	Uganda	Tororo	Nagongera	2012	gambiae	0.77	34.025999999999996	0	0	2	0	0
AC0202-C	UGgam	Uganda	Tororo	Nagongera	2012	gambiae	0.77	34.025999999999996	0	0	2	0	0
AC0203-C	UGgam	Uganda	Tororo	Nagongera	2012	gambiae	0.77	34.025999999999996	0	0	2	0	0
AG0082-C	GM	Gambia, The	Njabakunda	Sare Illo Buya	2011		13.55	-15.9	0	0	0	0	0
AG0085-C	GM	Gambia, The	Njabakunda	Sare Illo Buya	2011		13.55	-15.9	0	0	0	0	0
AG0089-C	GM	Gambia, The	Njabakunda	Sare Illo Buya	2011		13.55	-15.9	0	0	0	0	0
AG0096-C	GM	Gambia, The	Njabakunda	Sare Illo Buya	2011		13.55	-15.9	0	0	0	0	0
AG0097-C	GM	Gambia, The	Njabakunda	Sare Illo Buya	2011		13.55	-15.9	0	0	0	0	0
AG0098-C	GM	Gambia, The	Njabakunda	Sare Illo Buya	2011		13.55	-15.9	0	0	0	0	0
AG0100-C	GM	Gambia, The	Njabakunda	Sare Illo Buya	2011		13.55	-15.9	0	0	0	0	0
AG0102-C	GM	Gambia, The	Njabakunda	Sare Illo Buya	2011		13.55	-15.9	0	0	0	0	0
AG0128-C	GM	Gambia, The	Njabakunda	Sare Illo Buya	2011		13.55	-15.9	0	0	0	0	0
AG0129-C	GM	Gambia, The	Njabakunda	Sare Illo Buya	2011		13.55	-15.9	0	0	0	0	0
AG0133-C	GM	Gambia, The	Njabakunda	Sare Illo Buya	2011		13.55	-15.9	0	0	0	0	0
AG0134-C	GM	Gambia, The	Njabakunda	Sare Illo Buya	2011		13.55	-15.9	0	0	0	0	0
AG0136-C	GM	Gambia, The	Njabakunda	Sare Illo Buya	2011		13.55	-15.9	0	0	0	0	0
AG0137-C	GM	Gambia, The	Njabakunda	Sare Illo Buya	2011		13.55	-15.9	0	0	0	0	0
AG0138-C	GM	Gambia, The	Njabakunda	Sare Illo Buya	2011		13.55	-15.9	0	0	0	0	0
AG0139-C	GM	Gambia, The	Njabakunda	Sare Illo Buya	2011		13.55	-15.9	0	0	0	0	0
AG0141-C	GM	Gambia, The	Njabakunda	Sare Illo Buya	2011		13.55	-15.9	0	0	0	0	0
AG0181-C	GM	Gambia, The	Njabakunda	Sare Illo Buya	2011		13.55	-15.9	0	0	0	0	0
AG0183-C	GM	Gambia, The	Njabakunda	Sare Illo Buya	2011		13.55	-15.9	0	0	0	0	0
AG0195-C	GM	Gambia, The	Njabakunda	Sare Illo Buya	2011		13.55	-15.9	0	0	0	0	0
AG0104-C	GM	Gambia, The	Njabakunda	Maria Samba Nyado	2011		13.55	-15.9	0	0	0	0	0
AG0106-C	GM	Gambia, The	Njabakunda	Maria Samba Nyado	2011		13.55	-15.9	0	0	0	0	0
AG0108-C	GM	Gambia, The	Njabakunda	Maria Samba Nyado	2011		13.55	-15.9	0	0	0	0	0
AG0109-C	GM	Gambia, The	Njabakunda	Maria Samba Nyado	2011		13.55	-15.9	0	0	0	0	0
AG0111-C	GM	Gambia, The	Njabakunda	Maria Samba Nyado	2011		13.55	-15.9	0	0	0	0	0
AG0118-C	GM	Gambia, The	Njabakunda	Maria Samba Nyado	2011		13.55	-15.9	0	0	0	0	0
AG0120-C	GM	Gambia, The	Njabakunda	Maria Samba Nyado	2011		13.55	-15.9	0	0	0	0	0
AG0121-C	GM	Gambia, The	Njabakunda	Maria Samba Nyado	2011		13.55	-15.9	0	0	0	0	0
AG0123-C	GM	Gambia, The	Njabakunda	Maria Samba Nyado	2011		13.55	-15.9	0	0	0	0	0
AG0169-C	GM	Gambia, The	Njabakunda	Maria Samba Nyado	2011		13.55	-15.9	0	0	0	0	0
AG0170-C	GM	Gambia, The	Njabakunda	Maria Samba Nyado	2011		13.55	-15.9	0	0	0	0	0
AG0172-C	GM	Gambia, The	Njabakunda	Maria Samba Nyado	2011		13.55	-15.9	0	0	0	0	0
AG0197-C	GM	Gambia, The	Njabakunda	Maria Samba Nyado	2011		13.55	-15.9	0	0	0	0	0
AG0202-C	GM	Gambia, The	Njabakunda	Maria Samba Nyado	2011		13.55	-15.9	0	0	0	0	0
AG0203-C	GM	Gambia, The	Njabakunda	Maria Samba Nyado	2011		13.55	-15.9	0	0	0	0	0
AG0204-C	GM	Gambia, The	Njabakunda	Maria Samba Nyado	2011		13.55	-15.9	0	0	0	0	0
AG0206-C	GM	Gambia, The	Njabakunda	Maria Samba Nyado	2011		13.55	-15.9	0	0	0	0	0
AG0208-C	GM	Gambia, The	Njabakunda	Maria Samba Nyado	2011		13.55	-15.9	0	0	0	0	0
AG0125-C	GM	Gambia, The	Njabakunda	Kerr Sama Kuma	2011		13.55	-15.9	0	0	0	0	0
AG0126-C	GM	Gambia, The	Njabakunda	Kerr Sama Kuma	2011		13.55	-15.9	0	0	0	0	0
AG0127-C	GM	Gambia, The	Njabakunda	Kerr Sama Kuma	2011		13.55	-15.9	0	0	0	0	0
AG0214-C	GM	Gambia, The	Njabakunda	Kerr Sama Kuma	2011		13.55	-15.9	0	0	0	0	0
AG0229-C	GM	Gambia, The	Njabakunda	Kerr Sama Kuma	2011		13.55	-15.9	0	0	0	0	0
AG0230-C	GM	Gambia, The	Njabakunda	Kerr Sama Kuma	2011		13.55	-15.9	0	0	0	0	0
AG0231-C	GM	Gambia, The	Njabakunda	Kerr Sama Kuma	2011		13.55	-15.9	0	0	0	0	0
AG0232-C	GM	Gambia, The	Njabakunda	Kerr Sama Kuma	2011		13.55	-15.9	0	0	0	0	0
AG0142-C	GM	Gambia, The	Njabakunda	Kerr Birom Kardo	2011		13.55	-15.9	0	0	0	0	0
AG0143-C	GM	Gambia, The	Njabakunda	Kerr Birom Kardo	2011		13.55	-15.9	0	0	0	0	0
AG0144-C	GM	Gambia, The	Njabakunda	Kerr Birom Kardo	2011		13.55	-15.9	0	0	0	0	0
AG0145-C	GM	Gambia, The	Njabakunda	Kerr Birom Kardo	2011		13.55	-15.9	0	0	0	0	0
AG0146-C	GM	Gambia, The	Njabakunda	Kerr Birom Kardo	2011		13.55	-15.9	0	0	0	0	0
AG0147-C	GM	Gambia, The	Njabakunda	Kerr Birom Kardo	2011		13.55	-15.9	0	0	0	0	0
AG0148-C	GM	Gambia, The	Njabakunda	Kerr Birom Kardo	2011		13.55	-15.9	0	0	0	0	0
AG0152-C	GM	Gambia, The	Njabakunda	Kerr Birom Kardo	2011		13.55	-15.9	0	0	0	0	0
AG0153-C	GM	Gambia, The	Njabakunda	Kerr Birom Kardo	2011		13.55	-15.9	0	0	0	0	0
AG0156-C	GM	Gambia, The	Njabakunda	Kerr Birom Kardo	2011		13.55	-15.9	0	0	0	0	0
AG0159-C	GM	Gambia, The	Njabakunda	Kerr Birom Kardo	2011		13.55	-15.9	0	0	0	0	0
AG0162-C	GM	Gambia, The	Njabakunda	Kerr Birom Kardo	2011		13.55	-15.9	0	0	0	0	0
AG0163-C	GM	Gambia, The	Njabakunda	Kerr Birom Kardo	2011		13.55	-15.9	0	0	0	0	0
AG0178-C	GM	Gambia, The	Njabakunda	Kerr Birom Kardo	2011		13.55	-15.9	0	0	0	0	0
AG0179-C	GM	Gambia, The	Njabakunda	Kerr Birom Kardo	2011		13.55	-15.9	0	0	0	0	0
AG0221-C	GM	Gambia, The	Njabakunda	Kerr Birom Kardo	2011		13.55	-15.9	0	0	0	0	0
AG0223-C	GM	Gambia, The	Njabakunda	Kerr Birom Kardo	2011		13.55	-15.9	0	0	0	0	0
AG0227-C	GM	Gambia, The	Njabakunda	Kerr Birom Kardo	2011		13.55	-15.9	0	0	0	0	0
AG0263-C	GM	Gambia, The	Njabakunda	Kerr Birom Kardo	2011		13.55	-15.9	0	0	0	0	0
AJ0023-C	GW	Guinea-Bissau	Antula	Antula	2010		11.890999999999998	-15.582	0	0	0	0	0
AJ0024-C	GW	Guinea-Bissau	Antula	Antula	2010		11.890999999999998	-15.582	0	0	0	0	0
AJ0028-C	GW	Guinea-Bissau	Antula	Antula	2010		11.890999999999998	-15.582	0	0	0	0	0
AJ0032-C	GW	Guinea-Bissau	Antula	Antula	2010		11.890999999999998	-15.582	0	0	0	0	0
AJ0035-C	GW	Guinea-Bissau	Antula	Antula	2010		11.890999999999998	-15.582	0	0	0	0	0
AJ0036-C	GW	Guinea-Bissau	Antula	Antula	2010		11.890999999999998	-15.582	0	0	0	0	0
AJ0037-C	GW	Guinea-Bissau	Antula	Antula	2010		11.890999999999998	-15.582	0	0	0	0	0
AJ0038-C	GW	Guinea-Bissau	Antula	Antula	2010		11.890999999999998	-15.582	0	0	0	0	0
AJ0039-C	GW	Guinea-Bissau	Antula	Antula	2010		11.890999999999998	-15.582	0	0	0	0	0
AJ0043-C	GW	Guinea-Bissau	Antula	Antula	2010		11.890999999999998	-15.582	0	0	0	0	0
AJ0044-C	GW	Guinea-Bissau	Antula	Antula	2010		11.890999999999998	-15.582	0	0	0	0	0
AJ0045-C	GW	Guinea-Bissau	Antula	Antula	2010		11.890999999999998	-15.582	0	0	0	0	0
AJ0047-C	GW	Guinea-Bissau	Antula	Antula	2010		11.890999999999998	-15.582	0	0	0	0	0
AJ0051-C	GW	Guinea-Bissau	Antula	Antula	2010		11.890999999999998	-15.582	0	0	0	0	0
AJ0052-C	GW	Guinea-Bissau	Antula	Antula	2010		11.890999999999998	-15.582	0	0	0	0	0
AJ0056-C	GW	Guinea-Bissau	Antula	Antula	2010		11.890999999999998	-15.582	0	0	0	0	0
AJ0059-C	GW	Guinea-Bissau	Antula	Antula	2010		11.890999999999998	-15.582	0	0	0	0	0
AJ0060-C	GW	Guinea-Bissau	Antula	Antula	2010		11.890999999999998	-15.582	0	0	0	0	0
AJ0061-C	GW	Guinea-Bissau	Antula	Antula	2010		11.890999999999998	-15.582	0	0	0	0	0
AJ0063-C	GW	Guinea-Bissau	Antula	Antula	2010		11.890999999999998	-15.582	0	0	0	0	0
AJ0064-C	GW	Guinea-Bissau	Antula	Antula	2010		11.890999999999998	-15.582	0	0	0	0	0
AJ0066-C	GW	Guinea-Bissau	Antula	Antula	2010		11.890999999999998	-15.582	0	0	0	0	0
AJ0068-C	GW	Guinea-Bissau	Antula	Antula	2010		11.890999999999998	-15.582	0	0	0	0	0
AJ0070-C	GW	Guinea-Bissau	Antula	Antula	2010		11.890999999999998	-15.582	0	0	0	0	0
AJ0071-C	GW	Guinea-Bissau	Antula	Antula	2010		11.890999999999998	-15.582	0	0	0	0	0
AJ0072-C	GW	Guinea-Bissau	Antula	Antula	2010		11.890999999999998	-15.582	0	0	0	0	0
AJ0074-C	GW	Guinea-Bissau	Antula	Antula	2010		11.890999999999998	-15.582	0	0	0	0	0
AJ0075-C	GW	Guinea-Bissau	Antula	Antula	2010		11.890999999999998	-15.582	0	0	0	0	0
AJ0076-C	GW	Guinea-Bissau	Antula	Antula	2010		11.890999999999998	-15.582	0	0	0	0	0
AJ0077-C	GW	Guinea-Bissau	Antula	Antula	2010		11.890999999999998	-15.582	0	0	0	0	0
AJ0078-C	GW	Guinea-Bissau	Antula	Antula	2010		11.890999999999998	-15.582	0	0	0	0	0
AJ0080-C	GW	Guinea-Bissau	Antula	Antula	2010		11.890999999999998	-15.582	0	0	0	0	0
AJ0081-C	GW	Guinea-Bissau	Antula	Antula	2010		11.890999999999998	-15.582	0	0	0	0	0
AJ0084-C	GW	Guinea-Bissau	Antula	Antula	2010		11.890999999999998	-15.582	0	0	0	0	0
AJ0085-C	GW	Guinea-Bissau	Antula	Antula	2010		11.890999999999998	-15.582	0	0	0	0	0
AJ0086-C	GW	Guinea-Bissau	Antula	Antula	2010		11.890999999999998	-15.582	0	0	0	0	0
AJ0087-C	GW	Guinea-Bissau	Antula	Antula	2010		11.890999999999998	-15.582	0	0	0	0	0
AJ0088-C	GW	Guinea-Bissau	Antula	Antula	2010		11.890999999999998	-15.582	0	0	0	0	0
AJ0090-C	GW	Guinea-Bissau	Antula	Antula	2010		11.890999999999998	-15.582	0	0	0	0	0
AJ0092-C	GW	Guinea-Bissau	Antula	Antula	2010		11.890999999999998	-15.582	0	0	0	0	0
AJ0093-C	GW	Guinea-Bissau	Antula	Antula	2010		11.890999999999998	-15.582	0	0	0	0	0
AJ0095-C	GW	Guinea-Bissau	Antula	Antula	2010		11.890999999999998	-15.582	0	0	0	0	0
AJ0096-C	GW	Guinea-Bissau	Antula	Antula	2010		11.890999999999998	-15.582	0	0	0	0	0
AJ0097-C	GW	Guinea-Bissau	Antula	Antula	2010		11.890999999999998	-15.582	0	0	0	0	0
AJ0098-C	GW	Guinea-Bissau	Antula	Antula	2010		11.890999999999998	-15.582	0	0	0	0	0
AJ0099-C	GW	Guinea-Bissau	Antula	Antula	2010		11.890999999999998	-15.582	0	0	0	0	0
AJ0100-C	GW	Guinea-Bissau	Antula	Antula	2010		11.890999999999998	-15.582	0	0	0	0	0
AJ0101-C	GW	Guinea-Bissau	Antula	Antula	2010		11.890999999999998	-15.582	0	0	0	0	0
AJ0102-C	GW	Guinea-Bissau	Antula	Antula	2010		11.890999999999998	-15.582	0	0	0	0	0
AJ0103-C	GW	Guinea-Bissau	Antula	Antula	2010		11.890999999999998	-15.582	0	0	0	0	0
AJ0105-C	GW	Guinea-Bissau	Antula	Antula	2010		11.890999999999998	-15.582	0	0	0	0	0
AJ0107-C	GW	Guinea-Bissau	Antula	Antula	2010		11.890999999999998	-15.582	0	0	0	0	0
AJ0109-C	GW	Guinea-Bissau	Antula	Antula	2010		11.890999999999998	-15.582	0	0	0	0	0
AJ0113-C	GW	Guinea-Bissau	Antula	Antula	2010		11.890999999999998	-15.582	0	0	0	0	0
AJ0115-C	GW	Guinea-Bissau	Antula	Antula	2010		11.890999999999998	-15.582	0	0	0	0	0
AJ0116-C	GW	Guinea-Bissau	Antula	Antula	2010		11.890999999999998	-15.582	0	0	0	0	0
AJ0117-C	GW	Guinea-Bissau	Antula	Antula	2010		11.890999999999998	-15.582	0	0	0	0	0
AJ0119-C	GW	Guinea-Bissau	Antula	Antula	2010		11.890999999999998	-15.582	0	0	0	0	0
AJ0128-C	GW	Guinea-Bissau	Safim	Safim	2010		11.956889	-15.649222	0	0	0	0	0
AJ0129-C	GW	Guinea-Bissau	Safim	Safim	2010		11.956889	-15.649222	0	0	0	0	0
AJ0130-C	GW	Guinea-Bissau	Safim	Safim	2010		11.956889	-15.649222	0	0	0	0	0
AJ0131-C	GW	Guinea-Bissau	Safim	Safim	2010		11.956889	-15.649222	0	0	0	0	0
AJ0132-C	GW	Guinea-Bissau	Safim	Safim	2010		11.956889	-15.649222	0	0	0	0	0
AJ0133-C	GW	Guinea-Bissau	Safim	Safim	2010		11.956889	-15.649222	0	0	0	0	0
AJ0134-C	GW	Guinea-Bissau	Safim	Safim	2010		11.956889	-15.649222	0	0	0	0	0
AJ0135-C	GW	Guinea-Bissau	Safim	Safim	2010		11.956889	-15.649222	0	0	0	0	0
AJ0136-C	GW	Guinea-Bissau	Safim	Safim	2010		11.956889	-15.649222	0	0	0	0	0
AJ0137-C	GW	Guinea-Bissau	Safim	Safim	2010		11.956889	-15.649222	0	0	0	0	0
AJ0138-C	GW	Guinea-Bissau	Safim	Safim	2010		11.956889	-15.649222	0	0	0	0	0
AJ0139-C	GW	Guinea-Bissau	Safim	Safim	2010		11.956889	-15.649222	0	0	0	0	0
AJ0140-C	GW	Guinea-Bissau	Safim	Safim	2010		11.956889	-15.649222	0	0	0	0	0
AJ0141-C	GW	Guinea-Bissau	Safim	Safim	2010		11.956889	-15.649222	0	0	0	0	0
AJ0142-C	GW	Guinea-Bissau	Safim	Safim	2010		11.956889	-15.649222	0	0	0	0	0
AJ0143-C	GW	Guinea-Bissau	Safim	Safim	2010		11.956889	-15.649222	0	0	0	0	0
AJ0144-C	GW	Guinea-Bissau	Safim	Safim	2010		11.956889	-15.649222	0	0	0	0	0
AJ0145-C	GW	Guinea-Bissau	Safim	Safim	2010		11.956889	-15.649222	0	0	0	0	0
AJ0146-C	GW	Guinea-Bissau	Safim	Safim	2010		11.956889	-15.649222	0	0	0	0	0
AJ0147-C	GW	Guinea-Bissau	Safim	Safim	2010		11.956889	-15.649222	0	0	0	0	0
AJ0148-C	GW	Guinea-Bissau	Safim	Safim	2010		11.956889	-15.649222	0	0	0	0	0
AJ0149-C	GW	Guinea-Bissau	Safim	Safim	2010		11.956889	-15.649222	0	0	0	0	0
AJ0150-C	GW	Guinea-Bissau	Safim	Safim	2010		11.956889	-15.649222	0	0	0	0	0
AJ0151-C	GW	Guinea-Bissau	Safim	Safim	2010		11.956889	-15.649222	0	0	0	0	0
AJ0152-C	GW	Guinea-Bissau	Safim	Safim	2010		11.956889	-15.649222	0	0	0	0	0
AJ0153-C	GW	Guinea-Bissau	Safim	Safim	2010		11.956889	-15.649222	0	0	0	0	0
AJ0154-C	GW	Guinea-Bissau	Safim	Safim	2010		11.956889	-15.649222	0	0	0	0	0
AJ0155-C	GW	Guinea-Bissau	Safim	Safim	2010		11.956889	-15.649222	0	0	0	0	0
AJ0156-C	GW	Guinea-Bissau	Safim	Safim	2010		11.956889	-15.649222	0	0	0	0	0
AJ0157-C	GW	Guinea-Bissau	Safim	Safim	2010		11.956889	-15.649222	0	0	0	0	0
AJ0158-C	GW	Guinea-Bissau	Safim	Safim	2010		11.956889	-15.649222	0	0	0	0	0
AJ0159-C	GW	Guinea-Bissau	Safim	Safim	2010		11.956889	-15.649222	0	0	0	0	0
AJ0161-C	GW	Guinea-Bissau	Safim	Safim	2010		11.956889	-15.649222	0	0	0	0	0
AK0060-C	KE	Kenya	Kilifi	Junju	2012		-3.862	39.745	0	0	1	0	0
AK0062-C	KE	Kenya	Kilifi	Junju	2012		-3.862	39.745	0	0	2	0	0
AK0096-C	KE	Kenya	Kilifi	Junju	2012		-3.862	39.745	0	0	1	0	0
AK0098-C	KE	Kenya	Kilifi	Junju	2012		-3.862	39.745	0	0	2	0	0
AK0099-C	KE	Kenya	Kilifi	Junju	2012		-3.862	39.745	0	0	2	0	0
AK0100-C	KE	Kenya	Kilifi	Junju	2012		-3.862	39.745	0	0	2	0	0
AK0101-C	KE	Kenya	Kilifi	Junju	2012		-3.862	39.745	0	0	1	0	0
AK0102-C	KE	Kenya	Kilifi	Junju	2012		-3.862	39.745	0	0	2	0	0
AK0103-C	KE	Kenya	Kilifi	Junju	2012		-3.862	39.745	0	0	1	0	0
AK0104-C	KE	Kenya	Kilifi	Junju	2012		-3.862	39.745	0	0	1	0	0
AK0105-C	KE	Kenya	Kilifi	Junju	2012		-3.862	39.745	0	0	1	0	0
AK0106-C	KE	Kenya	Kilifi	Junju	2012		-3.862	39.745	0	0	1	0	0
AK0107-C	KE	Kenya	Kilifi	Junju	2012		-3.862	39.745	0	0	0	0	0
AK0108-C	KE	Kenya	Kilifi	Junju	2012		-3.862	39.745	0	0	1	0	0
AK0109-C	KE	Kenya	Kilifi	Junju	2012		-3.862	39.745	0	0	2	0	0
AK0110-C	KE	Kenya	Kilifi	Junju	2012		-3.862	39.745	0	0	0	0	0
AK0065-C	KE	Kenya	Kilifi	Mbogolo	2012		-3.635	39.858000000000004	0	0	1	0	0
AK0066-C	KE	Kenya	Kilifi	Mbogolo	2012		-3.635	39.858000000000004	0	0	2	0	0
AK0067-C	KE	Kenya	Kilifi	Mbogolo	2012		-3.635	39.858000000000004	0	0	1	0	0
AK0068-C	KE	Kenya	Kilifi	Mbogolo	2012		-3.635	39.858000000000004	0	0	2	0	0
AK0069-C	KE	Kenya	Kilifi	Mbogolo	2012		-3.635	39.858000000000004	0	0	2	0	0
AK0070-C	KE	Kenya	Kilifi	Mbogolo	2012		-3.635	39.858000000000004	0	0	2	0	0
AK0072-C	KE	Kenya	Kilifi	Mbogolo	2012		-3.635	39.858000000000004	0	0	2	0	0
AK0073-C	KE	Kenya	Kilifi	Mbogolo	2012		-3.635	39.858000000000004	0	0	2	0	0
AK0074-C	KE	Kenya	Kilifi	Mbogolo	2012		-3.635	39.858000000000004	0	0	2	0	0
AK0075-C	KE	Kenya	Kilifi	Mbogolo	2012		-3.635	39.858000000000004	0	0	2	0	0
AK0076-C	KE	Kenya	Kilifi	Mbogolo	2012		-3.635	39.858000000000004	0	0	2	0	0
AK0077-C	KE	Kenya	Kilifi	Mbogolo	2012		-3.635	39.858000000000004	0	0	2	0	0
AK0078-C	KE	Kenya	Kilifi	Mbogolo	2012		-3.635	39.858000000000004	0	0	2	0	0
AK0079-C	KE	Kenya	Kilifi	Mbogolo	2012		-3.635	39.858000000000004	0	0	2	0	0
AK0080-C	KE	Kenya	Kilifi	Mbogolo	2012		-3.635	39.858000000000004	0	0	2	0	0
AK0081-C	KE	Kenya	Kilifi	Mbogolo	2012		-3.635	39.858000000000004	0	0	2	0	0
AK0082-C	KE	Kenya	Kilifi	Mbogolo	2012		-3.635	39.858000000000004	0	0	0	0	0
AK0085-C	KE	Kenya	Kilifi	Mbogolo	2012		-3.635	39.858000000000004	0	0	1	0	0
AK0086-C	KE	Kenya	Kilifi	Mbogolo	2012		-3.635	39.858000000000004	0	0	2	0	0
AK0087-C	KE	Kenya	Kilifi	Mbogolo	2012		-3.635	39.858000000000004	0	0	2	0	0
AK0088-C	KE	Kenya	Kilifi	Mbogolo	2012		-3.635	39.858000000000004	0	0	1	0	0
AK0089-C	KE	Kenya	Kilifi	Mbogolo	2012		-3.635	39.858000000000004	0	0	2	0	0
AK0090-C	KE	Kenya	Kilifi	Mbogolo	2012		-3.635	39.858000000000004	0	0	2	0	0
AK0091-C	KE	Kenya	Kilifi	Mbogolo	2012		-3.635	39.858000000000004	0	0	2	0	0
AK0092-C	KE	Kenya	Kilifi	Mbogolo	2012		-3.635	39.858000000000004	0	0	1	0	0
AK0093-C	KE	Kenya	Kilifi	Mbogolo	2012		-3.635	39.858000000000004	0	0	2	0	0
AK0094-C	KE	Kenya	Kilifi	Mbogolo	2012		-3.635	39.858000000000004	0	0	0	0	0
AK0095-C	KE	Kenya	Kilifi	Mbogolo	2012		-3.635	39.858000000000004	0	0	2	0	0
AK0116-C	KE	Kenya	Kilifi	Mbogolo	2012		-3.635	39.858000000000004	0	0	2	0	0
AK0117-C	KE	Kenya	Kilifi	Mbogolo	2012		-3.635	39.858000000000004	0	0	2	0	0
AK0119-C	KE	Kenya	Kilifi	Mbogolo	2012		-3.635	39.858000000000004	0	0	0	0	0
AK0127-C	KE	Kenya	Kilifi	Mbogolo	2012		-3.635	39.858000000000004	0	0	2	0	0
AN0007-C	CMgam	Cameroon	Mayos	Mayos	2009	gambiae	4.341	13.558	1	0	1	0	0
AN0008-C	CMgam	Cameroon	Mayos	Mayos	2009	gambiae	4.341	13.558	1	1	0	0	0
AN0009-C	CMgam	Cameroon	Mayos	Mayos	2009	gambiae	4.341	13.558	1	0	0	0	0
AN0010-C	CMgam	Cameroon	Mayos	Mayos	2009	gambiae	4.341	13.558	2	1	0	0	0
AN0011-C	CMgam	Cameroon	Mayos	Mayos	2009	gambiae	4.341	13.558	1	1	0	0	0
AN0012-C	CMgam	Cameroon	Mayos	Mayos	2009	gambiae	4.341	13.558	1	0	0	0	0
AN0013-C	CMgam	Cameroon	Mayos	Mayos	2009	gambiae	4.341	13.558	2	0	0	0	0
AN0014-C	CMgam	Cameroon	Mayos	Mayos	2009	gambiae	4.341	13.558	1	0	0	0	0
AN0015-C	CMgam	Cameroon	Mayos	Mayos	2009	gambiae	4.341	13.558	0	0	0	0	0
AN0016-C	CMgam	Cameroon	Mayos	Mayos	2009	gambiae	4.341	13.558	1	0	0	0	0
AN0017-C	CMgam	Cameroon	Mayos	Mayos	2009	gambiae	4.341	13.558	2	0	0	0	0
AN0018-C	CMgam	Cameroon	Mayos	Mayos	2009	gambiae	4.341	13.558	2	0	0	0	0
AN0019-C	CMgam	Cameroon	Mayos	Mayos	2009	gambiae	4.341	13.558	2	1	0	0	0
AN0020-C	CMgam	Cameroon	Mayos	Mayos	2009	gambiae	4.341	13.558	0	0	1	0	0
AN0122-C	CMgam	Cameroon	Mayos	Mayos	2009	gambiae	4.341	13.558	2	0	0	0	0
AN0123-C	CMgam	Cameroon	Mayos	Mayos	2009	gambiae	4.341	13.558	2	0	0	0	0
AN0124-C	CMgam	Cameroon	Mayos	Mayos	2009	gambiae	4.341	13.558	2	0	0	0	0
AN0125-C	CMgam	Cameroon	Mayos	Mayos	2009	gambiae	4.341	13.558	1	0	0	0	0
AN0126-C	CMgam	Cameroon	Mayos	Mayos	2009	gambiae	4.341	13.558	2	0	0	0	0
AN0127-C	CMgam	Cameroon	Mayos	Mayos	2009	gambiae	4.341	13.558	2	0	0	0	0
AN0128-C	CMgam	Cameroon	Mayos	Mayos	2009	gambiae	4.341	13.558	2	0	0	0	0
AN0129-C	CMgam	Cameroon	Mayos	Mayos	2009	gambiae	4.341	13.558	1	0	0	0	0
AN0130-C	CMgam	Cameroon	Mayos	Mayos	2009	gambiae	4.341	13.558	0	0	2	0	0
AN0131-C	CMgam	Cameroon	Mayos	Mayos	2009	gambiae	4.341	13.558	1	0	1	0	0
AN0132-C	CMgam	Cameroon	Mayos	Mayos	2009	gambiae	4.341	13.558	2	0	0	0	0
AN0134-C	CMgam	Cameroon	Mayos	Mayos	2009	gambiae	4.341	13.558	2	0	0	0	0
AN0135-C	CMgam	Cameroon	Mayos	Mayos	2009	gambiae	4.341	13.558	1	0	0	0	0
AN0136-C	CMgam	Cameroon	Mayos	Mayos	2009	gambiae	4.341	13.558	2	0	0	0	0
AN0137-C	CMgam	Cameroon	Mayos	Mayos	2009	gambiae	4.341	13.558	2	0	0	0	0
AN0138-C	CMgam	Cameroon	Mayos	Mayos	2009	gambiae	4.341	13.558	2	0	0	0	0
AN0139-C	CMgam	Cameroon	Mayos	Mayos	2009	gambiae	4.341	13.558	2	0	0	0	1
AN0140-C	CMgam	Cameroon	Mayos	Mayos	2009	gambiae	4.341	13.558	1	0	0	0	0
AN0141-C	CMgam	Cameroon	Mayos	Mayos	2009	gambiae	4.341	13.558	0	0	1	0	0
AN0142-C	CMgam	Cameroon	Mayos	Mayos	2009	gambiae	4.341	13.558	2	0	0	0	0
AN0143-C	CMgam	Cameroon	Mayos	Mayos	2009	gambiae	4.341	13.558	0	0	0	0	0
AN0144-C	CMgam	Cameroon	Mayos	Mayos	2009	gambiae	4.341	13.558	1	0	1	0	0
AN0147-C	CMgam	Cameroon	Mayos	Mayos	2009	gambiae	4.341	13.558	2	0	0	0	0
AN0149-C	CMgam	Cameroon	Mayos	Mayos	2009	gambiae	4.341	13.558	1	0	0	0	0
AN0151-C	CMgam	Cameroon	Mayos	Mayos	2009	gambiae	4.341	13.558	1	0	1	0	0
AN0152-C	CMgam	Cameroon	Mayos	Mayos	2009	gambiae	4.341	13.558	0	0	2	0	0
AN0153-C	CMgam	Cameroon	Mayos	Mayos	2009	gambiae	4.341	13.558	1	0	1	0	0
AN0154-C	CMgam	Cameroon	Mayos	Mayos	2009	gambiae	4.341	13.558	2	0	0	0	0
AN0155-C	CMgam	Cameroon	Mayos	Mayos	2009	gambiae	4.341	13.558	1	0	0	0	0
AN0156-C	CMgam	Cameroon	Mayos	Mayos	2009	gambiae	4.341	13.558	0	0	1	0	0
AN0157-C	CMgam	Cameroon	Mayos	Mayos	2009	gambiae	4.341	13.558	2	0	0	0	0
AN0158-C	CMgam	Cameroon	Mayos	Mayos	2009	gambiae	4.341	13.558	2	0	0	0	0
AN0159-C	CMgam	Cameroon	Mayos	Mayos	2009	gambiae	4.341	13.558	0	0	1	0	0
AN0160-C	CMgam	Cameroon	Mayos	Mayos	2009	gambiae	4.341	13.558	2	0	0	0	0
AN0162-C	CMgam	Cameroon	Mayos	Mayos	2009	gambiae	4.341	13.558	0	0	0	0	0
AN0163-C	CMgam	Cameroon	Mayos	Mayos	2009	gambiae	4.341	13.558	1	0	0	0	0
AN0164-C	CMgam	Cameroon	Mayos	Mayos	2009	gambiae	4.341	13.558	2	0	0	0	0
AN0165-C	CMgam	Cameroon	Mayos	Mayos	2009	gambiae	4.341	13.558	2	0	0	0	0
AN0166-C	CMgam	Cameroon	Mayos	Mayos	2009	gambiae	4.341	13.558	2	0	0	0	0
AN0167-C	CMgam	Cameroon	Mayos	Mayos	2009	gambiae	4.341	13.558	1	0	1	0	0
AN0168-C	CMgam	Cameroon	Mayos	Mayos	2009	gambiae	4.341	13.558	0	0	0	0	0
AN0169-C	CMgam	Cameroon	Mayos	Mayos	2009	gambiae	4.341	13.558	1	0	0	0	0
AN0170-C	CMgam	Cameroon	Mayos	Mayos	2009	gambiae	4.341	13.558	1	0	0	0	0
AN0171-C	CMgam	Cameroon	Mayos	Mayos	2009	gambiae	4.341	13.558	0	0	0	0	0
AN0172-C	CMgam	Cameroon	Mayos	Mayos	2009	gambiae	4.341	13.558	1	0	0	0	0
AN0173-C	CMgam	Cameroon	Mayos	Mayos	2009	gambiae	4.341	13.558	1	0	0	0	0
AN0174-C	CMgam	Cameroon	Mayos	Mayos	2009	gambiae	4.341	13.558	0	0	0	0	0
AN0175-C	CMgam	Cameroon	Mayos	Mayos	2009	gambiae	4.341	13.558	0	0	0	0	0
AN0176-C	CMgam	Cameroon	Mayos	Mayos	2009	gambiae	4.341	13.558	0	0	0	0	0
AN0177-C	CMgam	Cameroon	Mayos	Mayos	2009	gambiae	4.341	13.558	1	0	1	0	0
AN0178-C	CMgam	Cameroon	Mayos	Mayos	2009	gambiae	4.341	13.558	1	0	0	0	0
AN0179-C	CMgam	Cameroon	Mayos	Mayos	2009	gambiae	4.341	13.558	1	0	0	0	0
AN0180-C	CMgam	Cameroon	Mayos	Mayos	2009	gambiae	4.341	13.558	2	1	0	0	0
AN0181-C	CMgam	Cameroon	Mayos	Mayos	2009	gambiae	4.341	13.558	1	0	0	0	0
AN0182-C	CMgam	Cameroon	Mayos	Mayos	2009	gambiae	4.341	13.558	0	0	0	0	0
AN0183-C	CMgam	Cameroon	Mayos	Mayos	2009	gambiae	4.341	13.558	0	0	0	0	0
AN0184-C	CMgam	Cameroon	Mayos	Mayos	2009	gambiae	4.341	13.558	1	0	0	0	0
AN0185-C	CMgam	Cameroon	Mayos	Mayos	2009	gambiae	4.341	13.558	0	0	0	0	0
AN0186-C	CMgam	Cameroon	Mayos	Mayos	2009	gambiae	4.341	13.558	1	0	0	0	0
AN0187-C	CMgam	Cameroon	Mayos	Mayos	2009	gambiae	4.341	13.558	1	0	0	0	0
AN0188-C	CMgam	Cameroon	Mayos	Mayos	2009	gambiae	4.341	13.558	0	0	0	0	0
AN0189-C	CMgam	Cameroon	Mayos	Mayos	2009	gambiae	4.341	13.558	1	1	1	0	0
AN0190-C	CMgam	Cameroon	Mayos	Mayos	2009	gambiae	4.341	13.558	1	0	0	0	0
AN0191-C	CMgam	Cameroon	Mayos	Mayos	2009	gambiae	4.341	13.558	0	0	0	0	0
AN0192-C	CMgam	Cameroon	Mayos	Mayos	2009	gambiae	4.341	13.558	2	0	0	0	0
AN0193-C	CMgam	Cameroon	Mayos	Mayos	2009	gambiae	4.341	13.558	0	0	2	0	0
AN0194-C	CMgam	Cameroon	Mayos	Mayos	2009	gambiae	4.341	13.558	1	0	0	0	0
AN0196-C	CMgam	Cameroon	Mayos	Mayos	2009	gambiae	4.341	13.558	1	0	1	0	0
AN0197-C	CMgam	Cameroon	Mayos	Mayos	2009	gambiae	4.341	13.558	1	0	1	0	0
AN0198-C	CMgam	Cameroon	Mayos	Mayos	2009	gambiae	4.341	13.558	0	0	2	0	0
AN0199-C	CMgam	Cameroon	Mayos	Mayos	2009	gambiae	4.341	13.558	0	0	0	0	0
AN0200-C	CMgam	Cameroon	Mayos	Mayos	2009	gambiae	4.341	13.558	1	0	1	0	0
AN0201-C	CMgam	Cameroon	Mayos	Mayos	2009	gambiae	4.341	13.558	0	0	2	0	0
AN0202-C	CMgam	Cameroon	Mayos	Mayos	2009	gambiae	4.341	13.558	0	0	1	0	0
AN0203-C	CMgam	Cameroon	Mayos	Mayos	2009	gambiae	4.341	13.558	2	0	0	0	0
AN0204-C	CMgam	Cameroon	Mayos	Mayos	2009	gambiae	4.341	13.558	1	0	0	0	0
AN0205-C	CMgam	Cameroon	Mayos	Mayos	2009	gambiae	4.341	13.558	1	0	0	0	0
AN0206-C	CMgam	Cameroon	Mayos	Mayos	2009	gambiae	4.341	13.558	2	0	0	0	0
AN0207-C	CMgam	Cameroon	Mayos	Mayos	2009	gambiae	4.341	13.558	1	0	0	0	0
AN0208-C	CMgam	Cameroon	Mayos	Mayos	2009	gambiae	4.341	13.558	1	0	1	0	0
AN0209-C	CMgam	Cameroon	Mayos	Mayos	2009	gambiae	4.341	13.558	1	1	0	0	0
AN0210-C	CMgam	Cameroon	Mayos	Mayos	2009	gambiae	4.341	13.558	1	0	0	0	0
AN0212-C	CMgam	Cameroon	Mayos	Mayos	2009	gambiae	4.341	13.558	2	0	0	0	0
AN0213-C	CMgam	Cameroon	Mayos	Mayos	2009	gambiae	4.341	13.558	1	0	1	0	0
AN0214-C	CMgam	Cameroon	Mayos	Mayos	2009	gambiae	4.341	13.558	1	0	0	0	0
AN0215-C	CMgam	Cameroon	Mayos	Mayos	2009	gambiae	4.341	13.558	2	0	0	0	0
AN0217-C	CMgam	Cameroon	Mayos	Mayos	2009	gambiae	4.341	13.558	2	0	0	0	0
AN0218-C	CMgam	Cameroon	Mayos	Mayos	2009	gambiae	4.341	13.558	0	0	0	0	0
AN0219-C	CMgam	Cameroon	Mayos	Mayos	2009	gambiae	4.341	13.558	1	0	0	0	0
AN0220-C	CMgam	Cameroon	Mayos	Mayos	2009	gambiae	4.341	13.558	1	0	1	0	0
AN0221-C	CMgam	Cameroon	Mayos	Mayos	2009	gambiae	4.341	13.558	0	0	0	0	0
AN0022-C	CMgam	Cameroon	Gado Badzere	Gado Badzere	2009	gambiae	5.747000000000001	14.442	1	0	0	0	0
AN0023-C	CMgam	Cameroon	Gado Badzere	Gado Badzere	2009	gambiae	5.747000000000001	14.442	1	0	1	0	0
AN0024-C	CMgam	Cameroon	Gado Badzere	Gado Badzere	2009	gambiae	5.747000000000001	14.442	1	0	0	0	0
AN0025-C	CMgam	Cameroon	Gado Badzere	Gado Badzere	2009	gambiae	5.747000000000001	14.442	1	0	0	0	0
AN0026-C	CMgam	Cameroon	Gado Badzere	Gado Badzere	2009	gambiae	5.747000000000001	14.442	1	0	0	0	0
AN0027-C	CMgam	Cameroon	Gado Badzere	Gado Badzere	2009	gambiae	5.747000000000001	14.442	1	0	1	0	0
AN0028-C	CMgam	Cameroon	Gado Badzere	Gado Badzere	2009	gambiae	5.747000000000001	14.442	1	0	0	0	0
AN0029-C	CMgam	Cameroon	Gado Badzere	Gado Badzere	2009	gambiae	5.747000000000001	14.442	2	1	0	0	0
AN0030-C	CMgam	Cameroon	Gado Badzere	Gado Badzere	2009	gambiae	5.747000000000001	14.442	1	0	0	0	0
AN0031-C	CMgam	Cameroon	Gado Badzere	Gado Badzere	2009	gambiae	5.747000000000001	14.442	0	0	0	0	0
AN0032-C	CMgam	Cameroon	Gado Badzere	Gado Badzere	2009	gambiae	5.747000000000001	14.442	2	0	0	0	0
AN0033-C	CMgam	Cameroon	Gado Badzere	Gado Badzere	2009	gambiae	5.747000000000001	14.442	2	0	0	0	0
AN0034-C	CMgam	Cameroon	Gado Badzere	Gado Badzere	2009	gambiae	5.747000000000001	14.442	1	0	0	0	0
AN0035-C	CMgam	Cameroon	Gado Badzere	Gado Badzere	2009	gambiae	5.747000000000001	14.442	1	0	1	0	0
AN0036-C	CMgam	Cameroon	Gado Badzere	Gado Badzere	2009	gambiae	5.747000000000001	14.442	1	0	1	0	0
AN0037-C	CMgam	Cameroon	Gado Badzere	Gado Badzere	2009	gambiae	5.747000000000001	14.442	1	0	0	0	0
AN0038-C	CMgam	Cameroon	Gado Badzere	Gado Badzere	2009	gambiae	5.747000000000001	14.442	1	0	0	0	0
AN0039-C	CMgam	Cameroon	Gado Badzere	Gado Badzere	2009	gambiae	5.747000000000001	14.442	0	0	0	0	0
AN0040-C	CMgam	Cameroon	Gado Badzere	Gado Badzere	2009	gambiae	5.747000000000001	14.442	1	0	0	0	0
AN0041-C	CMgam	Cameroon	Gado Badzere	Gado Badzere	2009	gambiae	5.747000000000001	14.442	1	0	0	0	0
AN0042-C	CMgam	Cameroon	Gado Badzere	Gado Badzere	2009	gambiae	5.747000000000001	14.442	0	0	1	0	0
AN0043-C	CMgam	Cameroon	Gado Badzere	Gado Badzere	2009	gambiae	5.747000000000001	14.442	2	0	0	0	0
AN0044-C	CMgam	Cameroon	Gado Badzere	Gado Badzere	2009	gambiae	5.747000000000001	14.442	1	0	1	0	0
AN0045-C	CMgam	Cameroon	Gado Badzere	Gado Badzere	2009	gambiae	5.747000000000001	14.442	1	0	1	0	0
AN0046-C	CMgam	Cameroon	Gado Badzere	Gado Badzere	2009	gambiae	5.747000000000001	14.442	1	0	1	0	0
AN0047-C	CMgam	Cameroon	Gado Badzere	Gado Badzere	2009	gambiae	5.747000000000001	14.442	1	0	0	0	0
AN0048-C	CMgam	Cameroon	Gado Badzere	Gado Badzere	2009	gambiae	5.747000000000001	14.442	0	0	1	0	0
AN0049-C	CMgam	Cameroon	Gado Badzere	Gado Badzere	2009	gambiae	5.747000000000001	14.442	0	0	0	0	0
AN0050-C	CMgam	Cameroon	Gado Badzere	Gado Badzere	2009	gambiae	5.747000000000001	14.442	1	0	0	0	0
AN0051-C	CMgam	Cameroon	Gado Badzere	Gado Badzere	2009	gambiae	5.747000000000001	14.442	2	0	0	0	0
AN0053-C	CMgam	Cameroon	Gado Badzere	Gado Badzere	2009	gambiae	5.747000000000001	14.442	1	0	0	0	0
AN0054-C	CMgam	Cameroon	Gado Badzere	Gado Badzere	2009	gambiae	5.747000000000001	14.442	0	0	1	0	0
AN0055-C	CMgam	Cameroon	Gado Badzere	Gado Badzere	2009	gambiae	5.747000000000001	14.442	0	0	0	0	0
AN0056-C	CMgam	Cameroon	Gado Badzere	Gado Badzere	2009	gambiae	5.747000000000001	14.442	1	0	1	0	0
AN0057-C	CMgam	Cameroon	Gado Badzere	Gado Badzere	2009	gambiae	5.747000000000001	14.442	1	0	1	0	0
AN0058-C	CMgam	Cameroon	Gado Badzere	Gado Badzere	2009	gambiae	5.747000000000001	14.442	1	0	0	0	0
AN0059-C	CMgam	Cameroon	Gado Badzere	Gado Badzere	2009	gambiae	5.747000000000001	14.442	0	0	1	0	0
AN0060-C	CMgam	Cameroon	Gado Badzere	Gado Badzere	2009	gambiae	5.747000000000001	14.442	0	0	1	0	0
AN0085-C	CMgam	Cameroon	Gado Badzere	Gado Badzere	2009	gambiae	5.747000000000001	14.442	1	0	1	0	0
AN0086-C	CMgam	Cameroon	Gado Badzere	Gado Badzere	2009	gambiae	5.747000000000001	14.442	0	0	1	0	0
AN0087-C	CMgam	Cameroon	Gado Badzere	Gado Badzere	2009	gambiae	5.747000000000001	14.442	2	1	0	0	0
AN0088-C	CMgam	Cameroon	Gado Badzere	Gado Badzere	2009	gambiae	5.747000000000001	14.442	2	0	0	0	0
AN0089-C	CMgam	Cameroon	Gado Badzere	Gado Badzere	2009	gambiae	5.747000000000001	14.442	2	0	0	0	0
AN0090-C	CMgam	Cameroon	Gado Badzere	Gado Badzere	2009	gambiae	5.747000000000001	14.442	0	0	1	0	0
AN0091-C	CMgam	Cameroon	Gado Badzere	Gado Badzere	2009	gambiae	5.747000000000001	14.442	1	0	0	0	0
AN0092-C	CMgam	Cameroon	Gado Badzere	Gado Badzere	2009	gambiae	5.747000000000001	14.442	2	0	0	0	0
AN0093-C	CMgam	Cameroon	Gado Badzere	Gado Badzere	2009	gambiae	5.747000000000001	14.442	0	0	1	0	0
AN0094-C	CMgam	Cameroon	Gado Badzere	Gado Badzere	2009	gambiae	5.747000000000001	14.442	0	0	1	0	0
AN0095-C	CMgam	Cameroon	Gado Badzere	Gado Badzere	2009	gambiae	5.747000000000001	14.442	2	1	0	0	0
AN0096-C	CMgam	Cameroon	Gado Badzere	Gado Badzere	2009	gambiae	5.747000000000001	14.442	1	0	0	0	0
AN0097-C	CMgam	Cameroon	Gado Badzere	Gado Badzere	2009	gambiae	5.747000000000001	14.442	1	1	1	0	0
AN0098-C	CMgam	Cameroon	Gado Badzere	Gado Badzere	2009	gambiae	5.747000000000001	14.442	0	0	1	0	0
AN0099-C	CMgam	Cameroon	Gado Badzere	Gado Badzere	2009	gambiae	5.747000000000001	14.442	0	0	1	0	0
AN0100-C	CMgam	Cameroon	Gado Badzere	Gado Badzere	2009	gambiae	5.747000000000001	14.442	1	0	0	0	0
AN0101-C	CMgam	Cameroon	Gado Badzere	Gado Badzere	2009	gambiae	5.747000000000001	14.442	1	0	0	0	0
AN0102-C	CMgam	Cameroon	Gado Badzere	Gado Badzere	2009	gambiae	5.747000000000001	14.442	1	0	1	0	0
AN0103-C	CMgam	Cameroon	Gado Badzere	Gado Badzere	2009	gambiae	5.747000000000001	14.442	2	0	0	0	0
AN0104-C	CMgam	Cameroon	Gado Badzere	Gado Badzere	2009	gambiae	5.747000000000001	14.442	0	0	1	0	0
AN0105-C	CMgam	Cameroon	Gado Badzere	Gado Badzere	2009	gambiae	5.747000000000001	14.442	1	0	0	0	0
AN0106-C	CMgam	Cameroon	Gado Badzere	Gado Badzere	2009	gambiae	5.747000000000001	14.442	1	1	1	0	0
AN0107-C	CMgam	Cameroon	Gado Badzere	Gado Badzere	2009	gambiae	5.747000000000001	14.442	0	0	0	0	0
AN0108-C	CMgam	Cameroon	Gado Badzere	Gado Badzere	2009	gambiae	5.747000000000001	14.442	1	0	1	0	0
AN0109-C	CMgam	Cameroon	Gado Badzere	Gado Badzere	2009	gambiae	5.747000000000001	14.442	0	0	0	0	0
AN0111-C	CMgam	Cameroon	Gado Badzere	Gado Badzere	2009	gambiae	5.747000000000001	14.442	0	0	1	0	0
AN0112-C	CMgam	Cameroon	Gado Badzere	Gado Badzere	2009	gambiae	5.747000000000001	14.442	2	0	0	0	0
AN0113-C	CMgam	Cameroon	Gado Badzere	Gado Badzere	2009	gambiae	5.747000000000001	14.442	1	0	0	0	0
AN0114-C	CMgam	Cameroon	Gado Badzere	Gado Badzere	2009	gambiae	5.747000000000001	14.442	1	0	0	0	0
AN0115-C	CMgam	Cameroon	Gado Badzere	Gado Badzere	2009	gambiae	5.747000000000001	14.442	1	1	0	0	0
AN0117-C	CMgam	Cameroon	Gado Badzere	Gado Badzere	2009	gambiae	5.747000000000001	14.442	1	1	0	0	0
AN0118-C	CMgam	Cameroon	Gado Badzere	Gado Badzere	2009	gambiae	5.747000000000001	14.442	1	0	1	0	0
AN0119-C	CMgam	Cameroon	Gado Badzere	Gado Badzere	2009	gambiae	5.747000000000001	14.442	1	0	0	0	0
AN0120-C	CMgam	Cameroon	Gado Badzere	Gado Badzere	2009	gambiae	5.747000000000001	14.442	1	0	0	0	0
AN0121-C	CMgam	Cameroon	Gado Badzere	Gado Badzere	2009	gambiae	5.747000000000001	14.442	1	0	1	0	0
AN0061-C	CMgam	Cameroon	Zembe Borongo	Zembe Borongo	2009	gambiae	5.747000000000001	14.442	1	0	0	0	0
AN0062-C	CMgam	Cameroon	Zembe Borongo	Zembe Borongo	2009	gambiae	5.747000000000001	14.442	0	0	0	0	1
AN0063-C	CMgam	Cameroon	Zembe Borongo	Zembe Borongo	2009	gambiae	5.747000000000001	14.442	2	1	0	0	0
AN0064-C	CMgam	Cameroon	Zembe Borongo	Zembe Borongo	2009	gambiae	5.747000000000001	14.442	2	0	0	0	0
AN0065-C	CMgam	Cameroon	Zembe Borongo	Zembe Borongo	2009	gambiae	5.747000000000001	14.442	2	1	0	0	0
AN0066-C	CMgam	Cameroon	Zembe Borongo	Zembe Borongo	2009	gambiae	5.747000000000001	14.442	1	0	0	0	0
AN0067-C	CMgam	Cameroon	Zembe Borongo	Zembe Borongo	2009	gambiae	5.747000000000001	14.442	1	0	0	0	0
AN0068-C	CMgam	Cameroon	Zembe Borongo	Zembe Borongo	2009	gambiae	5.747000000000001	14.442	1	0	0	0	0
AN0069-C	CMgam	Cameroon	Zembe Borongo	Zembe Borongo	2009	gambiae	5.747000000000001	14.442	1	0	0	0	0
AN0070-C	CMgam	Cameroon	Zembe Borongo	Zembe Borongo	2009	gambiae	5.747000000000001	14.442	0	0	0	0	0
AN0071-C	CMgam	Cameroon	Zembe Borongo	Zembe Borongo	2009	gambiae	5.747000000000001	14.442	2	1	0	0	0
AN0072-C	CMgam	Cameroon	Zembe Borongo	Zembe Borongo	2009	gambiae	5.747000000000001	14.442	0	0	1	0	0
AN0073-C	CMgam	Cameroon	Zembe Borongo	Zembe Borongo	2009	gambiae	5.747000000000001	14.442	1	0	1	0	0
AN0074-C	CMgam	Cameroon	Zembe Borongo	Zembe Borongo	2009	gambiae	5.747000000000001	14.442	1	0	0	0	0
AN0075-C	CMgam	Cameroon	Zembe Borongo	Zembe Borongo	2009	gambiae	5.747000000000001	14.442	1	0	0	0	0
AN0076-C	CMgam	Cameroon	Zembe Borongo	Zembe Borongo	2009	gambiae	5.747000000000001	14.442	1	0	0	0	0
AN0077-C	CMgam	Cameroon	Zembe Borongo	Zembe Borongo	2009	gambiae	5.747000000000001	14.442	0	0	2	0	0
AN0079-C	CMgam	Cameroon	Zembe Borongo	Zembe Borongo	2009	gambiae	5.747000000000001	14.442	1	0	1	0	0
AN0080-C	CMgam	Cameroon	Zembe Borongo	Zembe Borongo	2009	gambiae	5.747000000000001	14.442	1	0	0	0	0
AN0081-C	CMgam	Cameroon	Zembe Borongo	Zembe Borongo	2009	gambiae	5.747000000000001	14.442	1	0	0	0	0
AN0082-C	CMgam	Cameroon	Zembe Borongo	Zembe Borongo	2009	gambiae	5.747000000000001	14.442	2	0	0	0	0
AN0083-C	CMgam	Cameroon	Zembe Borongo	Zembe Borongo	2009	gambiae	5.747000000000001	14.442	1	0	0	0	0
AN0084-C	CMgam	Cameroon	Zembe Borongo	Zembe Borongo	2009	gambiae	5.747000000000001	14.442	1	0	1	0	0
AN0222-C	CMgam	Cameroon	Daiguene	Daiguene	2009	gambiae	4.777	13.844000000000001	2	1	0	0	0
AN0223-C	CMgam	Cameroon	Daiguene	Daiguene	2009	gambiae	4.777	13.844000000000001	1	0	1	0	0
AN0224-C	CMgam	Cameroon	Daiguene	Daiguene	2009	gambiae	4.777	13.844000000000001	1	0	0	0	0
AN0225-C	CMgam	Cameroon	Daiguene	Daiguene	2009	gambiae	4.777	13.844000000000001	2	1	0	0	0
AN0226-C	CMgam	Cameroon	Daiguene	Daiguene	2009	gambiae	4.777	13.844000000000001	2	0	0	0	0
AN0227-C	CMgam	Cameroon	Daiguene	Daiguene	2009	gambiae	4.777	13.844000000000001	1	0	1	0	0
AN0228-C	CMgam	Cameroon	Daiguene	Daiguene	2009	gambiae	4.777	13.844000000000001	2	1	0	0	0
AN0229-C	CMgam	Cameroon	Daiguene	Daiguene	2009	gambiae	4.777	13.844000000000001	2	0	0	0	0
AN0230-C	CMgam	Cameroon	Daiguene	Daiguene	2009	gambiae	4.777	13.844000000000001	0	0	2	0	0
AN0231-C	CMgam	Cameroon	Daiguene	Daiguene	2009	gambiae	4.777	13.844000000000001	2	1	0	0	0
AN0232-C	CMgam	Cameroon	Daiguene	Daiguene	2009	gambiae	4.777	13.844000000000001	0	0	1	0	1
AN0233-C	CMgam	Cameroon	Daiguene	Daiguene	2009	gambiae	4.777	13.844000000000001	2	1	0	0	0
AN0234-C	CMgam	Cameroon	Daiguene	Daiguene	2009	gambiae	4.777	13.844000000000001	0	0	1	0	0
AN0235-C	CMgam	Cameroon	Daiguene	Daiguene	2009	gambiae	4.777	13.844000000000001	1	0	1	0	0
AN0236-C	CMgam	Cameroon	Daiguene	Daiguene	2009	gambiae	4.777	13.844000000000001	1	0	0	0	0
AN0237-C	CMgam	Cameroon	Daiguene	Daiguene	2009	gambiae	4.777	13.844000000000001	0	0	0	0	0
AN0238-C	CMgam	Cameroon	Daiguene	Daiguene	2009	gambiae	4.777	13.844000000000001	0	0	1	0	0
AN0239-C	CMgam	Cameroon	Daiguene	Daiguene	2009	gambiae	4.777	13.844000000000001	1	0	0	0	0
AN0240-C	CMgam	Cameroon	Daiguene	Daiguene	2009	gambiae	4.777	13.844000000000001	2	0	0	0	0
AN0241-C	CMgam	Cameroon	Daiguene	Daiguene	2009	gambiae	4.777	13.844000000000001	0	0	0	0	0
AN0242-C	CMgam	Cameroon	Daiguene	Daiguene	2009	gambiae	4.777	13.844000000000001	2	0	0	0	0
AN0243-C	CMgam	Cameroon	Daiguene	Daiguene	2009	gambiae	4.777	13.844000000000001	2	0	0	0	0
AN0244-C	CMgam	Cameroon	Daiguene	Daiguene	2009	gambiae	4.777	13.844000000000001	1	0	1	0	0
AN0245-C	CMgam	Cameroon	Daiguene	Daiguene	2009	gambiae	4.777	13.844000000000001	1	0	1	0	0
AN0246-C	CMgam	Cameroon	Daiguene	Daiguene	2009	gambiae	4.777	13.844000000000001	1	0	1	0	0
AN0247-C	CMgam	Cameroon	Daiguene	Daiguene	2009	gambiae	4.777	13.844000000000001	1	0	1	0	0
AN0248-C	CMgam	Cameroon	Daiguene	Daiguene	2009	gambiae	4.777	13.844000000000001	2	0	0	0	0
AN0250-C	CMgam	Cameroon	Daiguene	Daiguene	2009	gambiae	4.777	13.844000000000001	0	0	0	0	0
AN0251-C	CMgam	Cameroon	Daiguene	Daiguene	2009	gambiae	4.777	13.844000000000001	1	0	0	0	0
AN0252-C	CMgam	Cameroon	Daiguene	Daiguene	2009	gambiae	4.777	13.844000000000001	2	1	0	0	1
AN0253-C	CMgam	Cameroon	Daiguene	Daiguene	2009	gambiae	4.777	13.844000000000001	1	0	0	0	0
AN0254-C	CMgam	Cameroon	Daiguene	Daiguene	2009	gambiae	4.777	13.844000000000001	1	1	1	0	0
AN0255-C	CMgam	Cameroon	Daiguene	Daiguene	2009	gambiae	4.777	13.844000000000001	0	0	0	0	0
AN0256-C	CMgam	Cameroon	Daiguene	Daiguene	2009	gambiae	4.777	13.844000000000001	2	0	0	0	0
AN0258-C	CMgam	Cameroon	Daiguene	Daiguene	2009	gambiae	4.777	13.844000000000001	0	0	1	0	0
AN0259-C	CMgam	Cameroon	Daiguene	Daiguene	2009	gambiae	4.777	13.844000000000001	2	0	0	0	0
AN0260-C	CMgam	Cameroon	Daiguene	Daiguene	2009	gambiae	4.777	13.844000000000001	1	0	0	0	0
AN0261-C	CMgam	Cameroon	Daiguene	Daiguene	2009	gambiae	4.777	13.844000000000001	1	0	0	0	0
AN0262-C	CMgam	Cameroon	Daiguene	Daiguene	2009	gambiae	4.777	13.844000000000001	2	0	0	0	0
AN0263-C	CMgam	Cameroon	Daiguene	Daiguene	2009	gambiae	4.777	13.844000000000001	2	1	0	0	0
AN0264-C	CMgam	Cameroon	Daiguene	Daiguene	2009	gambiae	4.777	13.844000000000001	2	1	0	0	0
AN0265-C	CMgam	Cameroon	Daiguene	Daiguene	2009	gambiae	4.777	13.844000000000001	2	0	0	0	0
AN0266-C	CMgam	Cameroon	Daiguene	Daiguene	2009	gambiae	4.777	13.844000000000001	1	0	1	0	0
AN0267-C	CMgam	Cameroon	Daiguene	Daiguene	2009	gambiae	4.777	13.844000000000001	1	0	0	0	0
AN0268-C	CMgam	Cameroon	Daiguene	Daiguene	2009	gambiae	4.777	13.844000000000001	2	0	0	0	0
AN0269-C	CMgam	Cameroon	Daiguene	Daiguene	2009	gambiae	4.777	13.844000000000001	1	0	1	0	0
AN0270-C	CMgam	Cameroon	Daiguene	Daiguene	2009	gambiae	4.777	13.844000000000001	2	1	0	0	0
AN0271-C	CMgam	Cameroon	Daiguene	Daiguene	2009	gambiae	4.777	13.844000000000001	2	0	0	0	0
AN0272-C	CMgam	Cameroon	Daiguene	Daiguene	2009	gambiae	4.777	13.844000000000001	0	0	0	0	1
AN0275-C	CMgam	Cameroon	Daiguene	Daiguene	2009	gambiae	4.777	13.844000000000001	1	0	1	0	0
AN0276-C	CMgam	Cameroon	Daiguene	Daiguene	2009	gambiae	4.777	13.844000000000001	2	0	0	0	0
AN0277-C	CMgam	Cameroon	Daiguene	Daiguene	2009	gambiae	4.777	13.844000000000001	1	1	1	0	0
AN0278-C	CMgam	Cameroon	Daiguene	Daiguene	2009	gambiae	4.777	13.844000000000001	1	0	0	0	0
AN0279-C	CMgam	Cameroon	Daiguene	Daiguene	2009	gambiae	4.777	13.844000000000001	0	0	0	0	0
AN0280-C	CMgam	Cameroon	Daiguene	Daiguene	2009	gambiae	4.777	13.844000000000001	0	0	0	0	0
AN0281-C	CMgam	Cameroon	Daiguene	Daiguene	2009	gambiae	4.777	13.844000000000001	0	0	0	0	0
AN0282-C	CMgam	Cameroon	Daiguene	Daiguene	2009	gambiae	4.777	13.844000000000001	0	0	0	0	0
AN0283-C	CMgam	Cameroon	Daiguene	Daiguene	2009	gambiae	4.777	13.844000000000001	2	0	0	0	0
AN0284-C	CMgam	Cameroon	Daiguene	Daiguene	2009	gambiae	4.777	13.844000000000001	2	0	0	0	0
AN0285-C	CMgam	Cameroon	Daiguene	Daiguene	2009	gambiae	4.777	13.844000000000001	1	1	0	0	0
AN0286-C	CMgam	Cameroon	Daiguene	Daiguene	2009	gambiae	4.777	13.844000000000001	2	0	0	0	0
AN0287-C	CMgam	Cameroon	Daiguene	Daiguene	2009	gambiae	4.777	13.844000000000001	1	0	0	0	0
AN0288-C	CMgam	Cameroon	Daiguene	Daiguene	2009	gambiae	4.777	13.844000000000001	1	0	0	0	0
AN0289-C	CMgam	Cameroon	Daiguene	Daiguene	2009	gambiae	4.777	13.844000000000001	0	0	1	0	0
AN0290-C	CMgam	Cameroon	Daiguene	Daiguene	2009	gambiae	4.777	13.844000000000001	0	0	0	0	0
AN0291-C	CMgam	Cameroon	Daiguene	Daiguene	2009	gambiae	4.777	13.844000000000001	0	0	0	0	0
AN0292-C	CMgam	Cameroon	Daiguene	Daiguene	2009	gambiae	4.777	13.844000000000001	0	0	1	0	0
AN0293-C	CMgam	Cameroon	Daiguene	Daiguene	2009	gambiae	4.777	13.844000000000001	0	0	0	0	0
AN0294-C	CMgam	Cameroon	Daiguene	Daiguene	2009	gambiae	4.777	13.844000000000001	2	0	0	0	0
AN0295-C	CMgam	Cameroon	Daiguene	Daiguene	2009	gambiae	4.777	13.844000000000001	1	0	1	0	0
AN0296-C	CMgam	Cameroon	Daiguene	Daiguene	2009	gambiae	4.777	13.844000000000001	1	0	1	0	0
AN0297-C	CMgam	Cameroon	Daiguene	Daiguene	2009	gambiae	4.777	13.844000000000001	1	1	1	0	0
AN0298-C	CMgam	Cameroon	Daiguene	Daiguene	2009	gambiae	4.777	13.844000000000001	2	0	0	0	0
AN0299-C	CMgam	Cameroon	Daiguene	Daiguene	2009	gambiae	4.777	13.844000000000001	0	0	1	0	0
AN0300-C	CMgam	Cameroon	Daiguene	Daiguene	2009	gambiae	4.777	13.844000000000001	2	0	0	0	0
AN0301-C	CMgam	Cameroon	Daiguene	Daiguene	2009	gambiae	4.777	13.844000000000001	1	0	1	0	0
AN0302-C	CMgam	Cameroon	Daiguene	Daiguene	2009	gambiae	4.777	13.844000000000001	2	0	0	0	0
AN0303-C	CMgam	Cameroon	Daiguene	Daiguene	2009	gambiae	4.777	13.844000000000001	2	0	0	0	0
AN0304-C	CMgam	Cameroon	Daiguene	Daiguene	2009	gambiae	4.777	13.844000000000001	2	0	0	0	0
AN0305-C	CMgam	Cameroon	Daiguene	Daiguene	2009	gambiae	4.777	13.844000000000001	1	0	0	0	0
AN0306-C	CMgam	Cameroon	Daiguene	Daiguene	2009	gambiae	4.777	13.844000000000001	0	0	1	0	0
AN0307-C	CMgam	Cameroon	Daiguene	Daiguene	2009	gambiae	4.777	13.844000000000001	2	0	0	0	0
AN0308-C	CMgam	Cameroon	Daiguene	Daiguene	2009	gambiae	4.777	13.844000000000001	1	0	0	0	0
AN0309-C	CMgam	Cameroon	Daiguene	Daiguene	2009	gambiae	4.777	13.844000000000001	0	0	0	0	0
AN0310-C	CMgam	Cameroon	Daiguene	Daiguene	2009	gambiae	4.777	13.844000000000001	2	0	0	0	0
AN0311-C	CMgam	Cameroon	Daiguene	Daiguene	2009	gambiae	4.777	13.844000000000001	2	1	0	0	0
AN0312-C	CMgam	Cameroon	Daiguene	Daiguene	2009	gambiae	4.777	13.844000000000001	0	0	1	0	0
AN0313-C	CMgam	Cameroon	Daiguene	Daiguene	2009	gambiae	4.777	13.844000000000001	2	1	0	0	0
AN0314-C	CMgam	Cameroon	Daiguene	Daiguene	2009	gambiae	4.777	13.844000000000001	2	0	0	0	0
AN0315-C	CMgam	Cameroon	Daiguene	Daiguene	2009	gambiae	4.777	13.844000000000001	1	1	0	0	0
AN0316-C	CMgam	Cameroon	Daiguene	Daiguene	2009	gambiae	4.777	13.844000000000001	1	0	1	0	0
AN0317-C	CMgam	Cameroon	Daiguene	Daiguene	2009	gambiae	4.777	13.844000000000001	2	0	0	0	0
AN0318-C	CMgam	Cameroon	Daiguene	Daiguene	2009	gambiae	4.777	13.844000000000001	0	0	1	0	0
AN0319-C	CMgam	Cameroon	Daiguene	Daiguene	2009	gambiae	4.777	13.844000000000001	2	1	0	0	0
AN0320-C	CMgam	Cameroon	Daiguene	Daiguene	2009	gambiae	4.777	13.844000000000001	1	0	0	0	0
AN0321-C	CMgam	Cameroon	Daiguene	Daiguene	2009	gambiae	4.777	13.844000000000001	1	0	0	0	0
AP0002-C	FRgam	France	Mayotte	Combani	2011	gambiae	-12.778704	45.142913	0	0	0	0	0
AP0008-C	FRgam	France	Mayotte	Combani	2011	gambiae	-12.778704	45.142913	0	0	0	0	0
AP0009-C	FRgam	France	Mayotte	Combani	2011	gambiae	-12.778704	45.142913	0	0	0	0	0
AP0010-C	FRgam	France	Mayotte	Combani	2011	gambiae	-12.778704	45.142913	0	0	0	0	0
AP0011-C	FRgam	France	Mayotte	Combani	2011	gambiae	-12.778704	45.142913	0	0	0	0	0
AP0005-C	FRgam	France	Mayotte	Bouyouni	2011	gambiae	-12.737813	45.141696	0	0	0	0	0
AP0006-C	FRgam	France	Mayotte	Mtsanga Charifou	2011	gambiae	-12.990662	45.155673	0	0	0	0	0
AP0017-C	FRgam	France	Mayotte	Mtsanga Charifou	2011	gambiae	-12.990662	45.155673	0	0	0	0	0
AP0018-C	FRgam	France	Mayotte	Mtsanga Charifou	2011	gambiae	-12.990662	45.155673	0	0	0	0	0
AP0019-C	FRgam	France	Mayotte	Mtsanga Charifou	2011	gambiae	-12.990662	45.155673	0	0	0	0	0
AP0020-C	FRgam	France	Mayotte	Mtsanga Charifou	2011	gambiae	-12.990662	45.155673	0	0	0	0	0
AP0023-C	FRgam	France	Mayotte	Mtsanga Charifou	2011	gambiae	-12.990662	45.155673	0	0	0	0	0
AP0031-C	FRgam	France	Mayotte	Mtsanga Charifou	2011	gambiae	-12.990662	45.155673	0	0	0	0	0
AP0032-C	FRgam	France	Mayotte	Mtsanga Charifou	2011	gambiae	-12.990662	45.155673	0	0	0	0	0
AP0007-C	FRgam	France	Mayotte	Mtsamboro Forest Reserve	2011	gambiae	-12.70271	45.081091	0	0	0	0	0
AP0014-C	FRgam	France	Mayotte	Mont Benara	2011	gambiae	-12.857	45.155181	0	0	0	0	0
AP0030-C	FRgam	France	Mayotte	Mont Benara	2011	gambiae	-12.857	45.155181	0	0	0	0	0
AP0021-C	FRgam	France	Mayotte	Karihani Lake	2011	gambiae	-12.796525	45.121722	0	0	0	0	0
AP0022-C	FRgam	France	Mayotte	Karihani Lake	2011	gambiae	-12.796525	45.121722	0	0	0	0	0
AP0033-C	FRgam	France	Mayotte	Karihani Lake	2011	gambiae	-12.796525	45.121722	0	0	0	0	0
AP0024-C	FRgam	France	Mayotte	Sada	2011	gambiae	-12.852147	45.103891	0	0	0	0	0
AP0025-C	FRgam	France	Mayotte	Sada	2011	gambiae	-12.852147	45.103891	0	0	0	0	0
AP0034-C	FRgam	France	Mayotte	Sada	2011	gambiae	-12.852147	45.103891	0	0	0	0	0
AP0035-C	FRgam	France	Mayotte	Sada	2011	gambiae	-12.852147	45.103891	0	0	0	0	0
AQ0001-C	GQgam	Equatorial Guinea	Bioko	Bioko	2002	gambiae	3.7	8.7	0	0	0	0	0
AQ0002-C	GQgam	Equatorial Guinea	Bioko	Bioko	2002	gambiae	3.7	8.7	0	0	0	0	0
AQ0004-C	GQgam	Equatorial Guinea	Bioko	Bioko	2002	gambiae	3.7	8.7	0	0	0	0	0
AQ0005-C	GQgam	Equatorial Guinea	Bioko	Bioko	2002	gambiae	3.7	8.7	0	0	0	0	0
AQ0011-C	GQgam	Equatorial Guinea	Bioko	Bioko	2002	gambiae	3.7	8.7	0	0	0	0	0
AQ0012-C	GQgam	Equatorial Guinea	Bioko	Bioko	2002	gambiae	3.7	8.7	0	0	0	0	0
AQ0013-C	GQgam	Equatorial Guinea	Bioko	Bioko	2002	gambiae	3.7	8.7	0	0	0	0	0
AQ0014-C	GQgam	Equatorial Guinea	Bioko	Bioko	2002	gambiae	3.7	8.7	0	0	0	0	0
AQ0015-C	GQgam	Equatorial Guinea	Bioko	Bioko	2002	gambiae	3.7	8.7	0	0	0	0	0
AR0001-C	AOcol	Angola	Luanda	Luanda	2009	coluzzii	-8.821	13.290999999999999	1	0	0	0	0
AR0007-C	AOcol	Angola	Luanda	Luanda	2009	coluzzii	-8.821	13.290999999999999	2	0	0	0	0
AR0008-C	AOcol	Angola	Luanda	Luanda	2009	coluzzii	-8.821	13.290999999999999	2	0	0	0	0
AR0009-C	AOcol	Angola	Luanda	Luanda	2009	coluzzii	-8.821	13.290999999999999	2	0	0	0	0
AR0010-C	AOcol	Angola	Luanda	Luanda	2009	coluzzii	-8.821	13.290999999999999	2	0	0	0	0
AR0011-C	AOcol	Angola	Luanda	Luanda	2009	coluzzii	-8.821	13.290999999999999	2	0	0	0	0
AR0012-C	AOcol	Angola	Luanda	Luanda	2009	coluzzii	-8.821	13.290999999999999	1	0	0	0	0
AR0013-C	AOcol	Angola	Luanda	Luanda	2009	coluzzii	-8.821	13.290999999999999	1	0	0	0	0
AR0014-C	AOcol	Angola	Luanda	Luanda	2009	coluzzii	-8.821	13.290999999999999	2	0	0	0	0
AR0015-C	AOcol	Angola	Luanda	Luanda	2009	coluzzii	-8.821	13.290999999999999	2	0	0	0	0
AR0016-C	AOcol	Angola	Luanda	Luanda	2009	coluzzii	-8.821	13.290999999999999	2	0	0	0	0
AR0017-C	AOcol	Angola	Luanda	Luanda	2009	coluzzii	-8.821	13.290999999999999	2	0	0	0	0
AR0018-C	AOcol	Angola	Luanda	Luanda	2009	coluzzii	-8.821	13.290999999999999	2	0	0	0	0
AR0019-C	AOcol	Angola	Luanda	Luanda	2009	coluzzii	-8.821	13.290999999999999	2	0	0	0	0
AR0020-C	AOcol	Angola	Luanda	Luanda	2009	coluzzii	-8.821	13.290999999999999	2	0	0	0	0
AR0021-C	AOcol	Angola	Luanda	Luanda	2009	coluzzii	-8.821	13.290999999999999	2	0	0	0	1
AR0022-C	AOcol	Angola	Luanda	Luanda	2009	coluzzii	-8.821	13.290999999999999	2	0	0	0	0
AR0023-C	AOcol	Angola	Luanda	Luanda	2009	coluzzii	-8.821	13.290999999999999	2	0	0	0	0
AR0024-C	AOcol	Angola	Luanda	Luanda	2009	coluzzii	-8.821	13.290999999999999	0	0	0	0	0
AR0026-C	AOcol	Angola	Luanda	Luanda	2009	coluzzii	-8.821	13.290999999999999	1	0	0	0	0
AR0027-C	AOcol	Angola	Luanda	Luanda	2009	coluzzii	-8.821	13.290999999999999	1	0	0	0	0
AR0034-C	AOcol	Angola	Luanda	Luanda	2009	coluzzii	-8.821	13.290999999999999	1	0	0	0	0
AR0035-C	AOcol	Angola	Luanda	Luanda	2009	coluzzii	-8.821	13.290999999999999	2	0	0	0	0
AR0036-C	AOcol	Angola	Luanda	Luanda	2009	coluzzii	-8.821	13.290999999999999	2	0	0	0	0
AR0038-C	AOcol	Angola	Luanda	Luanda	2009	coluzzii	-8.821	13.290999999999999	1	0	0	0	0
AR0040-C	AOcol	Angola	Luanda	Luanda	2009	coluzzii	-8.821	13.290999999999999	2	0	0	0	0
AR0042-C	AOcol	Angola	Luanda	Luanda	2009	coluzzii	-8.821	13.290999999999999	2	0	0	0	0
AR0043-C	AOcol	Angola	Luanda	Luanda	2009	coluzzii	-8.821	13.290999999999999	2	0	0	0	0
AR0044-C	AOcol	Angola	Luanda	Luanda	2009	coluzzii	-8.821	13.290999999999999	2	0	0	0	0
AR0045-C	AOcol	Angola	Luanda	Luanda	2009	coluzzii	-8.821	13.290999999999999	2	0	0	0	0
AR0046-C	AOcol	Angola	Luanda	Luanda	2009	coluzzii	-8.821	13.290999999999999	2	0	0	0	0
AR0047-C	AOcol	Angola	Luanda	Luanda	2009	coluzzii	-8.821	13.290999999999999	2	0	0	0	0
AR0048-C	AOcol	Angola	Luanda	Luanda	2009	coluzzii	-8.821	13.290999999999999	2	0	0	0	0
AR0049-C	AOcol	Angola	Luanda	Luanda	2009	coluzzii	-8.821	13.290999999999999	2	0	0	0	0
AR0050-C	AOcol	Angola	Luanda	Luanda	2009	coluzzii	-8.821	13.290999999999999	2	0	0	0	0
AR0051-C	AOcol	Angola	Luanda	Luanda	2009	coluzzii	-8.821	13.290999999999999	2	0	0	0	0
AR0052-C	AOcol	Angola	Luanda	Luanda	2009	coluzzii	-8.821	13.290999999999999	2	0	0	0	0
AR0053-C	AOcol	Angola	Luanda	Luanda	2009	coluzzii	-8.821	13.290999999999999	1	0	0	0	0
AR0054-C	AOcol	Angola	Luanda	Luanda	2009	coluzzii	-8.821	13.290999999999999	2	0	0	0	0
AR0057-C	AOcol	Angola	Luanda	Luanda	2009	coluzzii	-8.821	13.290999999999999	2	0	0	0	0
AR0059-C	AOcol	Angola	Luanda	Luanda	2009	coluzzii	-8.821	13.290999999999999	2	0	0	0	0
AR0060-C	AOcol	Angola	Luanda	Luanda	2009	coluzzii	-8.821	13.290999999999999	2	0	0	0	0
AR0061-C	AOcol	Angola	Luanda	Luanda	2009	coluzzii	-8.821	13.290999999999999	2	0	0	0	0
AR0062-C	AOcol	Angola	Luanda	Luanda	2009	coluzzii	-8.821	13.290999999999999	1	0	0	0	0
AR0063-C	AOcol	Angola	Luanda	Luanda	2009	coluzzii	-8.821	13.290999999999999	2	0	0	0	0
AR0064-C	AOcol	Angola	Luanda	Luanda	2009	coluzzii	-8.821	13.290999999999999	2	0	0	0	0
AR0065-C	AOcol	Angola	Luanda	Luanda	2009	coluzzii	-8.821	13.290999999999999	2	0	0	0	0
AR0066-C	AOcol	Angola	Luanda	Luanda	2009	coluzzii	-8.821	13.290999999999999	2	0	0	0	0
AR0069-C	AOcol	Angola	Luanda	Luanda	2009	coluzzii	-8.821	13.290999999999999	2	0	0	0	0
AR0070-C	AOcol	Angola	Luanda	Luanda	2009	coluzzii	-8.821	13.290999999999999	2	0	0	0	0
AR0071-C	AOcol	Angola	Luanda	Luanda	2009	coluzzii	-8.821	13.290999999999999	1	0	0	0	0
AR0072-C	AOcol	Angola	Luanda	Luanda	2009	coluzzii	-8.821	13.290999999999999	2	0	0	0	0
AR0073-C	AOcol	Angola	Luanda	Luanda	2009	coluzzii	-8.821	13.290999999999999	2	0	0	0	0
AR0074-C	AOcol	Angola	Luanda	Luanda	2009	coluzzii	-8.821	13.290999999999999	1	0	0	0	0
AR0075-C	AOcol	Angola	Luanda	Luanda	2009	coluzzii	-8.821	13.290999999999999	1	0	0	0	0
AR0076-C	AOcol	Angola	Luanda	Luanda	2009	coluzzii	-8.821	13.290999999999999	1	0	0	0	0
AR0077-C	AOcol	Angola	Luanda	Luanda	2009	coluzzii	-8.821	13.290999999999999	0	0	0	0	0
AR0078-C	AOcol	Angola	Luanda	Luanda	2009	coluzzii	-8.821	13.290999999999999	2	0	0	0	0
AR0079-C	AOcol	Angola	Luanda	Luanda	2009	coluzzii	-8.821	13.290999999999999	2	0	0	0	0
AR0080-C	AOcol	Angola	Luanda	Luanda	2009	coluzzii	-8.821	13.290999999999999	1	0	0	0	0
AR0081-C	AOcol	Angola	Luanda	Luanda	2009	coluzzii	-8.821	13.290999999999999	2	0	0	0	0
AR0082-C	AOcol	Angola	Luanda	Luanda	2009	coluzzii	-8.821	13.290999999999999	1	0	0	0	0
AR0083-C	AOcol	Angola	Luanda	Luanda	2009	coluzzii	-8.821	13.290999999999999	2	0	0	0	0
AR0084-C	AOcol	Angola	Luanda	Luanda	2009	coluzzii	-8.821	13.290999999999999	0	0	0	0	0
AR0085-C	AOcol	Angola	Luanda	Luanda	2009	coluzzii	-8.821	13.290999999999999	1	0	0	0	0
AR0086-C	AOcol	Angola	Luanda	Luanda	2009	coluzzii	-8.821	13.290999999999999	2	0	0	0	0
AR0087-C	AOcol	Angola	Luanda	Luanda	2009	coluzzii	-8.821	13.290999999999999	1	0	0	0	0
AR0088-C	AOcol	Angola	Luanda	Luanda	2009	coluzzii	-8.821	13.290999999999999	1	0	0	0	0
AR0089-C	AOcol	Angola	Luanda	Luanda	2009	coluzzii	-8.821	13.290999999999999	2	0	0	0	0
AR0090-C	AOcol	Angola	Luanda	Luanda	2009	coluzzii	-8.821	13.290999999999999	2	0	0	0	0
AR0092-C	AOcol	Angola	Luanda	Luanda	2009	coluzzii	-8.821	13.290999999999999	2	0	0	0	0
AR0093-C	AOcol	Angola	Luanda	Luanda	2009	coluzzii	-8.821	13.290999999999999	2	0	0	0	0
AR0095-C	AOcol	Angola	Luanda	Luanda	2009	coluzzii	-8.821	13.290999999999999	2	0	0	0	0
AR0096-C	AOcol	Angola	Luanda	Luanda	2009	coluzzii	-8.821	13.290999999999999	2	0	0	0	0
AR0097-C	AOcol	Angola	Luanda	Luanda	2009	coluzzii	-8.821	13.290999999999999	2	0	0	0	0
AR0098-C	AOcol	Angola	Luanda	Luanda	2009	coluzzii	-8.821	13.290999999999999	2	0	0	0	0
AR0099-C	AOcol	Angola	Luanda	Luanda	2009	coluzzii	-8.821	13.290999999999999	2	0	0	0	0
AR0100-C	AOcol	Angola	Luanda	Luanda	2009	coluzzii	-8.821	13.290999999999999	1	0	0	0	0
AS0001-C	GAgam	Gabon	Libreville	Libreville	2000	gambiae	0.384	9.455	1	0	1	0	2
AS0002-C	GAgam	Gabon	Libreville	Libreville	2000	gambiae	0.384	9.455	1	0	1	0	1
AS0003-C	GAgam	Gabon	Libreville	Libreville	2000	gambiae	0.384	9.455	0	0	2	0	0
AS0004-C	GAgam	Gabon	Libreville	Libreville	2000	gambiae	0.384	9.455	1	0	1	0	0
AS0005-C	GAgam	Gabon	Libreville	Libreville	2000	gambiae	0.384	9.455	1	0	1	0	0
AS0006-C	GAgam	Gabon	Libreville	Libreville	2000	gambiae	0.384	9.455	1	0	1	0	0
AS0007-C	GAgam	Gabon	Libreville	Libreville	2000	gambiae	0.384	9.455	1	0	1	0	0
AS0008-C	GAgam	Gabon	Libreville	Libreville	2000	gambiae	0.384	9.455	1	0	1	0	0
AS0009-C	GAgam	Gabon	Libreville	Libreville	2000	gambiae	0.384	9.455	0	0	2	0	2
AS0010-C	GAgam	Gabon	Libreville	Libreville	2000	gambiae	0.384	9.455	1	0	1	0	0
AS0011-C	GAgam	Gabon	Libreville	Libreville	2000	gambiae	0.384	9.455	1	0	1	0	0
AS0012-C	GAgam	Gabon	Libreville	Libreville	2000	gambiae	0.384	9.455	0	0	2	0	0
AS0013-C	GAgam	Gabon	Libreville	Libreville	2000	gambiae	0.384	9.455	1	0	1	0	1
AS0014-C	GAgam	Gabon	Libreville	Libreville	2000	gambiae	0.384	9.455	1	0	1	0	1
AS0015-C	GAgam	Gabon	Libreville	Libreville	2000	gambiae	0.384	9.455	0	0	2	0	0
AS0016-C	GAgam	Gabon	Libreville	Libreville	2000	gambiae	0.384	9.455	1	0	1	0	1
AS0017-C	GAgam	Gabon	Libreville	Libreville	2000	gambiae	0.384	9.455	1	0	1	0	1
AS0018-C	GAgam	Gabon	Libreville	Libreville	2000	gambiae	0.384	9.455	0	0	2	0	1
AS0019-C	GAgam	Gabon	Libreville	Libreville	2000	gambiae	0.384	9.455	1	0	1	0	0
AS0020-C	GAgam	Gabon	Libreville	Libreville	2000	gambiae	0.384	9.455	1	0	1	0	1
AS0021-C	GAgam	Gabon	Libreville	Libreville	2000	gambiae	0.384	9.455	1	0	1	0	2
AS0022-C	GAgam	Gabon	Libreville	Libreville	2000	gambiae	0.384	9.455	1	0	1	0	0
AS0024-C	GAgam	Gabon	Libreville	Libreville	2000	gambiae	0.384	9.455	1	0	1	0	0
AS0025-C	GAgam	Gabon	Libreville	Libreville	2000	gambiae	0.384	9.455	0	0	2	0	0
AS0026-C	GAgam	Gabon	Libreville	Libreville	2000	gambiae	0.384	9.455	1	0	1	0	2
AS0027-C	GAgam	Gabon	Libreville	Libreville	2000	gambiae	0.384	9.455	0	0	2	0	1
AS0028-C	GAgam	Gabon	Libreville	Libreville	2000	gambiae	0.384	9.455	1	0	1	0	1
AS0029-C	GAgam	Gabon	Libreville	Libreville	2000	gambiae	0.384	9.455	0	0	2	0	0
AS0030-C	GAgam	Gabon	Libreville	Libreville	2000	gambiae	0.384	9.455	0	0	2	0	1
AS0032-C	GAgam	Gabon	Libreville	Libreville	2000	gambiae	0.384	9.455	0	0	2	0	2
AS0033-C	GAgam	Gabon	Libreville	Libreville	2000	gambiae	0.384	9.455	0	0	2	0	0
AS0034-C	GAgam	Gabon	Libreville	Libreville	2000	gambiae	0.384	9.455	1	0	1	0	0
AS0035-C	GAgam	Gabon	Libreville	Libreville	2000	gambiae	0.384	9.455	0	0	2	0	0
AS0036-C	GAgam	Gabon	Libreville	Libreville	2000	gambiae	0.384	9.455	1	0	1	0	1
AS0037-C	GAgam	Gabon	Libreville	Libreville	2000	gambiae	0.384	9.455	0	0	2	0	1
AS0039-C	GAgam	Gabon	Libreville	Libreville	2000	gambiae	0.384	9.455	1	0	1	0	0
AS0040-C	GAgam	Gabon	Libreville	Libreville	2000	gambiae	0.384	9.455	1	0	1	0	1
AS0041-C	GAgam	Gabon	Libreville	Libreville	2000	gambiae	0.384	9.455	0	0	2	0	0
AS0042-C	GAgam	Gabon	Libreville	Libreville	2000	gambiae	0.384	9.455	1	0	1	0	0
AS0044-C	GAgam	Gabon	Libreville	Libreville	2000	gambiae	0.384	9.455	1	0	1	0	0
AS0045-C	GAgam	Gabon	Libreville	Libreville	2000	gambiae	0.384	9.455	1	0	1	0	1
AS0046-C	GAgam	Gabon	Libreville	Libreville	2000	gambiae	0.384	9.455	0	0	2	0	1
AS0047-C	GAgam	Gabon	Libreville	Libreville	2000	gambiae	0.384	9.455	1	0	1	0	0
AS0048-C	GAgam	Gabon	Libreville	Libreville	2000	gambiae	0.384	9.455	1	0	1	0	0
AS0049-C	GAgam	Gabon	Libreville	Libreville	2000	gambiae	0.384	9.455	1	0	1	0	0
AS0051-C	GAgam	Gabon	Libreville	Libreville	2000	gambiae	0.384	9.455	1	0	1	0	0
AS0052-C	GAgam	Gabon	Libreville	Libreville	2000	gambiae	0.384	9.455	1	0	1	0	0
AS0053-C	GAgam	Gabon	Libreville	Libreville	2000	gambiae	0.384	9.455	1	0	1	0	2
AS0054-C	GAgam	Gabon	Libreville	Libreville	2000	gambiae	0.384	9.455	0	0	2	0	0
AS0055-C	GAgam	Gabon	Libreville	Libreville	2000	gambiae	0.384	9.455	1	0	1	0	1
AS0056-C	GAgam	Gabon	Libreville	Libreville	2000	gambiae	0.384	9.455	1	0	1	0	0
AS0057-C	GAgam	Gabon	Libreville	Libreville	2000	gambiae	0.384	9.455	0	0	2	0	1
AS0058-C	GAgam	Gabon	Libreville	Libreville	2000	gambiae	0.384	9.455	0	0	2	0	0
AS0059-C	GAgam	Gabon	Libreville	Libreville	2000	gambiae	0.384	9.455	0	0	2	0	0
AS0060-C	GAgam	Gabon	Libreville	Libreville	2000	gambiae	0.384	9.455	1	0	1	0	0
AS0062-C	GAgam	Gabon	Libreville	Libreville	2000	gambiae	0.384	9.455	0	0	2	0	1
AS0064-C	GAgam	Gabon	Libreville	Libreville	2000	gambiae	0.384	9.455	0	0	2	0	1
AS0065-C	GAgam	Gabon	Libreville	Libreville	2000	gambiae	0.384	9.455	0	0	2	0	2
AS0066-C	GAgam	Gabon	Libreville	Libreville	2000	gambiae	0.384	9.455	0	0	2	0	0
AS0068-C	GAgam	Gabon	Libreville	Libreville	2000	gambiae	0.384	9.455	1	0	1	0	0
AS0069-C	GAgam	Gabon	Libreville	Libreville	2000	gambiae	0.384	9.455	1	0	1	0	2
AS0070-C	GAgam	Gabon	Libreville	Libreville	2000	gambiae	0.384	9.455	0	0	2	0	2
AS0071-C	GAgam	Gabon	Libreville	Libreville	2000	gambiae	0.384	9.455	1	0	1	0	1
AS0072-C	GAgam	Gabon	Libreville	Libreville	2000	gambiae	0.384	9.455	0	0	2	0	1
AS0073-C	GAgam	Gabon	Libreville	Libreville	2000	gambiae	0.384	9.455	2	0	0	0	0
AS0074-C	GAgam	Gabon	Libreville	Libreville	2000	gambiae	0.384	9.455	1	0	1	0	0
AS0076-C	GAgam	Gabon	Libreville	Libreville	2000	gambiae	0.384	9.455	1	0	1	0	0
AS0077-C	GAgam	Gabon	Libreville	Libreville	2000	gambiae	0.384	9.455	2	0	0	0	0
AS0078-C	GAgam	Gabon	Libreville	Libreville	2000	gambiae	0.384	9.455	0	0	2	0	1
AV0001-C	GNgam	Guinea	Koraboh	Koraboh	2012	gambiae	9.25	-9.917	2	0	0	1	0
AV0002-C	GNgam	Guinea	Koraboh	Koraboh	2012	gambiae	9.25	-9.917	2	0	0	0	0
AV0003-C	GNgam	Guinea	Koraboh	Koraboh	2012	gambiae	9.25	-9.917	2	0	0	0	0
AV0004-C	GNgam	Guinea	Koraboh	Koraboh	2012	gambiae	9.25	-9.917	2	1	0	0	0
AV0005-C	GNgam	Guinea	Koraboh	Koraboh	2012	gambiae	9.25	-9.917	2	1	0	1	0
AV0006-C	GNgam	Guinea	Koraboh	Koraboh	2012	gambiae	9.25	-9.917	2	0	0	0	0
AV0007-C	GNgam	Guinea	Koraboh	Koraboh	2012	hybrid	9.25	-9.917	2	0	0	0	0
AV0008-C	GNgam	Guinea	Koraboh	Koraboh	2012	gambiae	9.25	-9.917	2	0	0	0	1
AV0009-C	GNgam	Guinea	Koraboh	Koraboh	2012	gambiae	9.25	-9.917	2	1	0	0	0
AV0010-C	GNgam	Guinea	Koraboh	Koraboh	2012	gambiae	9.25	-9.917	2	0	0	0	0
AV0011-C	GNgam	Guinea	Koraboh	Koraboh	2012	gambiae	9.25	-9.917	2	0	0	0	0
AV0012-C	GNgam	Guinea	Koraboh	Koraboh	2012	gambiae	9.25	-9.917	2	0	0	0	0
AV0013-C	GNgam	Guinea	Koraboh	Koraboh	2012	gambiae	9.25	-9.917	2	0	0	0	2
AV0014-C	GNgam	Guinea	Koraboh	Koraboh	2012	gambiae	9.25	-9.917	2	0	0	0	2
AV0015-C	GNgam	Guinea	Koraboh	Koraboh	2012	gambiae	9.25	-9.917	2	0	0	0	0
AV0017-C	GNgam	Guinea	Koraboh	Koraboh	2012	gambiae	9.25	-9.917	2	0	0	0	1
AV0018-C	GNgam	Guinea	Koraboh	Koraboh	2012	gambiae	9.25	-9.917	2	0	0	0	0
AV0020-C	GNgam	Guinea	Koraboh	Koraboh	2012	gambiae	9.25	-9.917	2	0	0	1	0
AV0021-C	GNgam	Guinea	Koraboh	Koraboh	2012	gambiae	9.25	-9.917	2	0	0	0	1
AV0022-C	GNgam	Guinea	Koraboh	Koraboh	2012	gambiae	9.25	-9.917	2	0	0	0	0
AV0024-C	GNgam	Guinea	Koraboh	Koraboh	2012	gambiae	9.25	-9.917	2	0	0	0	1
AV0025-C	GNgam	Guinea	Koraboh	Koraboh	2012	gambiae	9.25	-9.917	2	0	0	0	1
AV0026-C	GNgam	Guinea	Koundara	Koundara	2012	gambiae	8.5	-9.417	2	0	0	1	1
AV0027-C	GNgam	Guinea	Koundara	Koundara	2012	gambiae	8.5	-9.417	2	0	0	0	1
AV0028-C	GNgam	Guinea	Koundara	Koundara	2012	gambiae	8.5	-9.417	2	0	0	0	0
AV0029-C	GNgam	Guinea	Koundara	Koundara	2012	gambiae	8.5	-9.417	2	0	0	1	0
AV0030-C	GNgam	Guinea	Koundara	Koundara	2012	gambiae	8.5	-9.417	2	1	0	0	0
AV0031-C	GNgam	Guinea	Koundara	Koundara	2012	gambiae	8.5	-9.417	2	0	0	1	0
AV0032-C	GNgam	Guinea	Koundara	Koundara	2012	gambiae	8.5	-9.417	2	0	0	0	0
AV0033-C	GNgam	Guinea	Koundara	Koundara	2012	gambiae	8.5	-9.417	2	0	0	1	0
AV0034-C	GNgam	Guinea	Koundara	Koundara	2012	gambiae	8.5	-9.417	2	1	0	0	0
AV0035-C	GNgam	Guinea	Koundara	Koundara	2012	gambiae	8.5	-9.417	2	1	0	0	0
AV0036-C	GNgam	Guinea	Koundara	Koundara	2012	gambiae	8.5	-9.417	2	0	0	1	0
AV0037-C	GNgam	Guinea	Koundara	Koundara	2012	gambiae	8.5	-9.417	2	0	0	0	0
AV0038-C	GNcol	Guinea	Koundara	Koundara	2012	coluzzii	8.5	-9.417	2	0	0	0	1
AV0039-C	GNgam	Guinea	Koundara	Koundara	2012	gambiae	8.5	-9.417	2	0	0	0	0
AV0040-C	GNcol	Guinea	Koundara	Koundara	2012	coluzzii	8.5	-9.417	1	0	0	0	0
AV0041-C	GNgam	Guinea	Koundara	Koundara	2012	gambiae	8.5	-9.417	2	0	0	1	0
AV0042-C	GNcol	Guinea	Koundara	Koundara	2012	coluzzii	8.5	-9.417	2	0	0	0	0
AV0043-C	GNgam	Guinea	Koundara	Koundara	2012	gambiae	8.5	-9.417	2	1	0	0	1
AV0044-C	GNgam	Guinea	Koundara	Koundara	2012	gambiae	8.5	-9.417	2	0	0	0	0
AV0045-C	GNgam	Guinea	Koundara	Koundara	2012	gambiae	8.5	-9.417	2	0	0	0	0
AV0046-C	GNcol	Guinea	Koundara	Koundara	2012	coluzzii	8.5	-9.417	2	0	0	0	0
AV0047-C	GNgam	Guinea	Koundara	Koundara	2012	gambiae	8.5	-9.417	2	0	0	0	0
AY0006-C	CIcol	Cote d'Ivoire	Tiassale	Tiassale	2012	coluzzii	5.89839	-4.82293	1	0	0	0	0
AY0007-C	CIcol	Cote d'Ivoire	Tiassale	Tiassale	2012	coluzzii	5.89839	-4.82293	1	0	0	1	0
AY0010-C	CIcol	Cote d'Ivoire	Tiassale	Tiassale	2012	coluzzii	5.89839	-4.82293	2	0	0	0	0
AY0011-C	CIcol	Cote d'Ivoire	Tiassale	Tiassale	2012	coluzzii	5.89839	-4.82293	2	0	0	1	0
AY0012-C	CIcol	Cote d'Ivoire	Tiassale	Tiassale	2012	coluzzii	5.89839	-4.82293	2	0	0	1	0
AY0013-C	CIcol	Cote d'Ivoire	Tiassale	Tiassale	2012	coluzzii	5.89839	-4.82293	2	0	0	1	0
AY0015-C	CIcol	Cote d'Ivoire	Tiassale	Tiassale	2012	coluzzii	5.89839	-4.82293	2	0	0	1	0
AY0016-C	CIcol	Cote d'Ivoire	Tiassale	Tiassale	2012	coluzzii	5.89839	-4.82293	2	0	0	1	0
AY0017-C	CIcol	Cote d'Ivoire	Tiassale	Tiassale	2012	coluzzii	5.89839	-4.82293	2	0	0	1	0
AY0018-C	CIcol	Cote d'Ivoire	Tiassale	Tiassale	2012	coluzzii	5.89839	-4.82293	2	0	0	1	1
AY0019-C	CIcol	Cote d'Ivoire	Tiassale	Tiassale	2012	coluzzii	5.89839	-4.82293	2	0	0	0	0
AY0020-C	CIcol	Cote d'Ivoire	Tiassale	Tiassale	2012	coluzzii	5.89839	-4.82293	2	0	0	1	0
AY0021-C	CIcol	Cote d'Ivoire	Tiassale	Tiassale	2012	coluzzii	5.89839	-4.82293	2	0	0	0	0
AY0023-C	CIcol	Cote d'Ivoire	Tiassale	Tiassale	2012	coluzzii	5.89839	-4.82293	1	0	0	1	0
AY0024-C	CIcol	Cote d'Ivoire	Tiassale	Tiassale	2012	coluzzii	5.89839	-4.82293	2	0	0	1	0
AY0025-C	CIcol	Cote d'Ivoire	Tiassale	Tiassale	2012	coluzzii	5.89839	-4.82293	2	0	0	1	1
AY0026-C	CIcol	Cote d'Ivoire	Tiassale	Tiassale	2012	coluzzii	5.89839	-4.82293	2	0	0	1	0
AY0027-C	CIcol	Cote d'Ivoire	Tiassale	Tiassale	2012	coluzzii	5.89839	-4.82293	2	0	0	1	0
AY0029-C	CIcol	Cote d'Ivoire	Tiassale	Tiassale	2012	coluzzii	5.89839	-4.82293	2	0	0	1	0
AY0031-C	CIcol	Cote d'Ivoire	Tiassale	Tiassale	2012	coluzzii	5.89839	-4.82293	2	0	0	1	0
AY0032-C	CIcol	Cote d'Ivoire	Tiassale	Tiassale	2012	coluzzii	5.89839	-4.82293	1	0	0	1	0
AY0033-C	CIcol	Cote d'Ivoire	Tiassale	Tiassale	2012	coluzzii	5.89839	-4.82293	2	0	0	1	0
AY0034-C	CIcol	Cote d'Ivoire	Tiassale	Tiassale	2012	coluzzii	5.89839	-4.82293	2	0	0	1	0
AY0035-C	CIcol	Cote d'Ivoire	Tiassale	Tiassale	2012	coluzzii	5.89839	-4.82293	2	0	0	1	0
AY0036-C	CIcol	Cote d'Ivoire	Tiassale	Tiassale	2012	coluzzii	5.89839	-4.82293	2	0	0	1	0
AY0038-C	CIcol	Cote d'Ivoire	Tiassale	Tiassale	2012	coluzzii	5.89839	-4.82293	2	0	0	1	0
AY0039-C	CIcol	Cote d'Ivoire	Tiassale	Tiassale	2012	coluzzii	5.89839	-4.82293	1	0	0	1	0
AY0040-C	CIcol	Cote d'Ivoire	Tiassale	Tiassale	2012	coluzzii	5.89839	-4.82293	2	0	0	0	0
AY0041-C	CIcol	Cote d'Ivoire	Tiassale	Tiassale	2012	coluzzii	5.89839	-4.82293	2	0	0	0	0
AY0042-C	CIcol	Cote d'Ivoire	Tiassale	Tiassale	2012	coluzzii	5.89839	-4.82293	2	0	0	1	0
AY0043-C	CIcol	Cote d'Ivoire	Tiassale	Tiassale	2012	coluzzii	5.89839	-4.82293	2	0	0	0	2
AY0045-C	CIcol	Cote d'Ivoire	Tiassale	Tiassale	2012	coluzzii	5.89839	-4.82293	1	0	0	1	0
AY0046-C	CIcol	Cote d'Ivoire	Tiassale	Tiassale	2012	coluzzii	5.89839	-4.82293	2	0	0	1	0
AY0047-C	CIcol	Cote d'Ivoire	Tiassale	Tiassale	2012	coluzzii	5.89839	-4.82293	2	0	0	1	0
AY0048-C	CIcol	Cote d'Ivoire	Tiassale	Tiassale	2012	coluzzii	5.89839	-4.82293	2	0	0	1	1
AY0049-C	CIcol	Cote d'Ivoire	Tiassale	Tiassale	2012	coluzzii	5.89839	-4.82293	1	0	0	1	0
AY0050-C	CIcol	Cote d'Ivoire	Tiassale	Tiassale	2012	coluzzii	5.89839	-4.82293	2	0	0	1	0
AY0052-C	CIcol	Cote d'Ivoire	Tiassale	Tiassale	2012	coluzzii	5.89839	-4.82293	2	0	0	1	1
AY0053-C	CIcol	Cote d'Ivoire	Tiassale	Tiassale	2012	coluzzii	5.89839	-4.82293	2	0	0	1	0
AY0054-C	CIcol	Cote d'Ivoire	Tiassale	Tiassale	2012	coluzzii	5.89839	-4.82293	2	0	0	0	0
AY0055-C	CIcol	Cote d'Ivoire	Tiassale	Tiassale	2012	coluzzii	5.89839	-4.82293	2	0	0	1	1
AY0056-C	CIcol	Cote d'Ivoire	Tiassale	Tiassale	2012	coluzzii	5.89839	-4.82293	2	0	0	1	1
AY0057-C	CIcol	Cote d'Ivoire	Tiassale	Tiassale	2012	coluzzii	5.89839	-4.82293	1	0	0	1	0
AY0058-C	CIcol	Cote d'Ivoire	Tiassale	Tiassale	2012	coluzzii	5.89839	-4.82293	2	0	0	1	1
AY0059-C	CIcol	Cote d'Ivoire	Tiassale	Tiassale	2012	coluzzii	5.89839	-4.82293	2	0	0	1	1
AY0060-C	CIcol	Cote d'Ivoire	Tiassale	Tiassale	2012	coluzzii	5.89839	-4.82293	1	0	0	1	2
AY0061-C	CIcol	Cote d'Ivoire	Tiassale	Tiassale	2012	coluzzii	5.89839	-4.82293	2	0	0	1	0
AY0062-C	CIcol	Cote d'Ivoire	Tiassale	Tiassale	2012	coluzzii	5.89839	-4.82293	2	0	0	1	1
AY0063-C	CIcol	Cote d'Ivoire	Tiassale	Tiassale	2012	coluzzii	5.89839	-4.82293	2	0	0	1	1
AY0064-C	CIcol	Cote d'Ivoire	Tiassale	Tiassale	2012	coluzzii	5.89839	-4.82293	1	0	0	1	0
AY0065-C	CIcol	Cote d'Ivoire	Tiassale	Tiassale	2012	coluzzii	5.89839	-4.82293	1	0	0	1	0
AY0066-C	CIcol	Cote d'Ivoire	Tiassale	Tiassale	2012	coluzzii	5.89839	-4.82293	2	0	0	1	1
AY0067-C	CIcol	Cote d'Ivoire	Tiassale	Tiassale	2012	coluzzii	5.89839	-4.82293	2	0	0	1	0
AY0068-C	CIcol	Cote d'Ivoire	Tiassale	Tiassale	2012	coluzzii	5.89839	-4.82293	2	0	0	1	0
AY0069-C	CIcol	Cote d'Ivoire	Tiassale	Tiassale	2012	coluzzii	5.89839	-4.82293	2	0	0	1	1
AY0070-C	CIcol	Cote d'Ivoire	Tiassale	Tiassale	2012	coluzzii	5.89839	-4.82293	2	0	0	1	0
AY0072-C	CIcol	Cote d'Ivoire	Tiassale	Tiassale	2012	coluzzii	5.89839	-4.82293	2	0	0	1	0
AY0074-C	CIcol	Cote d'Ivoire	Tiassale	Tiassale	2012	coluzzii	5.89839	-4.82293	2	0	0	1	1
AY0076-C	CIcol	Cote d'Ivoire	Tiassale	Tiassale	2012	coluzzii	5.89839	-4.82293	2	0	0	1	0
AY0077-C	CIcol	Cote d'Ivoire	Tiassale	Tiassale	2012	coluzzii	5.89839	-4.82293	2	0	0	1	1
AY0078-C	CIcol	Cote d'Ivoire	Tiassale	Tiassale	2012	coluzzii	5.89839	-4.82293	2	0	0	1	0
AY0079-C	CIcol	Cote d'Ivoire	Tiassale	Tiassale	2012	coluzzii	5.89839	-4.82293	2	0	0	1	0
AY0080-C	CIcol	Cote d'Ivoire	Tiassale	Tiassale	2012	coluzzii	5.89839	-4.82293	2	0	0	1	0
AY0082-C	CIcol	Cote d'Ivoire	Tiassale	Tiassale	2012	coluzzii	5.89839	-4.82293	2	0	0	1	0
AY0083-C	CIcol	Cote d'Ivoire	Tiassale	Tiassale	2012	coluzzii	5.89839	-4.82293	2	0	0	1	0
AY0085-C	CIcol	Cote d'Ivoire	Tiassale	Tiassale	2012	coluzzii	5.89839	-4.82293	2	0	0	0	0
AY0087-C	CIcol	Cote d'Ivoire	Tiassale	Tiassale	2012	coluzzii	5.89839	-4.82293	2	0	0	1	1
AY0088-C	CIcol	Cote d'Ivoire	Tiassale	Tiassale	2012	coluzzii	5.89839	-4.82293	2	0	0	1	0
AY0089-C	CIcol	Cote d'Ivoire	Tiassale	Tiassale	2012	coluzzii	5.89839	-4.82293	2	0	0	1	1
AY0090-C	CIcol	Cote d'Ivoire	Tiassale	Tiassale	2012	coluzzii	5.89839	-4.82293	2	0	0	1	0
AY0091-C	CIcol	Cote d'Ivoire	Tiassale	Tiassale	2012	coluzzii	5.89839	-4.82293	1	0	0	1	0
